mgyp,anchor,anchor_name,best_bits,composite,above_line,triad,mean_plddt,hit_len,seqid_anchor,cov_anchor,nearest_query,nearest_name,seqid_nearest,cov_nearest,cov_nearest_hit,aln_len_nearest,low_coverage,fident_anchor,fident_nearest,id_6EQE,id_4EB0,id_8B4U,id_4WFI,id_4CG1,cov_6EQE,cov_4EB0,cov_8B4U,cov_4WFI,cov_4CG1
MGYP000403492051,4CG1,TfCut2,1557.0,-0.8275,True,True,0.9095,293,57.65,0.966,4CG1,TfCut2,57.65,0.966,0.85,255,False,56.8,56.8,47.04,49.21,27.45,56.92,57.65,0.947,0.969,0.524,0.981,0.966
MGYP000368171655,4CG1,TfCut2,1693.0,1.1806,True,True,0.9629,297,62.45,0.989,4WFI,Cut190,64.73,1.0,0.862,258,False,61.8,64.5,49.81,57.42,22.44,64.73,62.45,0.974,0.977,0.903,1.0,0.989
MGYP001410896016,4CG1,TfCut2,1703.0,0.9778,True,True,0.9503,298,64.23,0.985,4CG1,TfCut2,64.23,0.985,0.859,260,False,63.2,63.2,50.77,58.26,23.62,63.18,64.23,0.966,0.926,0.903,0.996,0.985
MGYP001262149556,4CG1,TfCut2,1642.0,1.5683,True,True,0.9612,288,61.45,0.989,4CG1,TfCut2,61.45,0.989,0.906,262,False,61.2,61.2,52.08,56.92,25.93,55.89,61.45,0.974,0.977,0.357,1.0,0.989
MGYP001155984841,8B4U,PET46,1636.0,-1.5653,False,True,0.9581,271,60.89,0.993,8B4U,PET46,60.89,0.993,1.0,271,False,60.3,60.3,28.36,29.53,60.89,30.77,22.94,0.245,0.504,0.993,0.101,0.378
MGYP001489421514,4CG1,TfCut2,1717.0,0.8008,True,True,0.9513,303,61.69,0.989,4WFI,Cut190,66.8,0.996,0.855,259,False,61.4,66.5,48.02,59.67,21.6,66.8,61.69,0.936,0.93,0.903,0.996,0.989
MGYP001320156145,4CG1,TfCut2,1567.0,1.3964,True,True,0.9209,292,60.69,0.989,4WFI,Cut190,62.84,0.996,0.887,261,False,58.8,62.5,50.19,61.02,22.84,62.84,60.69,0.974,0.969,0.844,0.996,0.989
MGYP001201181085,4CG1,TfCut2,1655.0,1.1989,True,True,0.9218,315,64.23,0.985,4WFI,Cut190,65.64,1.0,0.816,259,False,62.9,65.8,48.08,54.05,21.83,65.64,64.23,0.966,0.988,0.903,1.0,0.985
MGYP001149455765,4CG1,TfCut2,1515.0,0.3876,True,True,0.928,282,54.58,0.954,4CG1,TfCut2,54.58,0.954,0.883,251,False,53.2,53.2,46.44,49.19,29.92,49.58,54.58,0.894,0.95,0.468,0.911,0.954
MGYP001490972126,4CG1,TfCut2,1393.0,,False,True,0.928,276,49.03,0.973,4WFI,Cut190,53.15,0.984,0.902,254,False,47.5,52.9,44.27,48.12,25.6,53.15,49.03,0.951,0.915,0.446,0.984,0.973
MGYP001286498480,4CG1,TfCut2,1428.0,0.7037,True,True,0.9553,283,43.85,0.977,6EQE,IsPETase,43.94,0.962,0.901,264,False,43.4,42.4,43.94,43.14,24.06,40.46,43.85,0.962,0.957,0.777,0.988,0.977
MGYP000740062793,6EQE,IsPETase,1511.0,0.0498,True,True,0.8961,307,56.65,0.974,6EQE,IsPETase,56.65,0.974,0.853,263,False,54.5,54.5,56.65,48.85,26.77,46.01,49.43,0.974,0.969,0.446,0.984,0.973
MGYP000931547452,6EQE,IsPETase,1347.0,1.0709,True,True,0.9419,285,52.57,0.943,6EQE,IsPETase,52.57,0.943,0.877,253,False,51.1,51.1,52.57,43.43,27.45,43.14,46.75,0.943,0.934,0.186,0.965,0.916
MGYP003526118276,4CG1,TfCut2,1508.0,1.9402,True,True,0.949,294,47.71,0.985,4CG1,TfCut2,47.71,0.985,0.884,262,False,46.9,46.9,43.56,47.35,25.93,45.77,47.71,0.974,0.93,0.498,0.996,0.985
MGYP003575547131,4CG1,TfCut2,1437.0,1.0524,True,True,0.9701,290,50.0,0.916,4CG1,TfCut2,50.0,0.916,0.845,246,False,47.1,47.1,48.3,47.96,29.06,49.59,50.0,0.97,0.981,0.409,0.93,0.916
MGYP000060581275,4CG1,TfCut2,1326.0,0.6979,True,True,0.9469,279,40.23,0.992,4EB0,LCC_WT,45.42,0.965,0.882,251,False,39.8,44.8,42.86,45.42,38.3,41.41,40.23,0.943,0.965,0.171,0.988,0.992
MGYP001247230757,4CG1,TfCut2,1374.0,-0.0307,True,True,0.9255,315,45.28,0.989,4WFI,Cut190,48.85,0.992,0.806,260,False,44.3,46.7,40.7,45.16,27.21,48.85,45.28,0.955,0.938,0.491,0.992,0.989
MGYP000544200538,4CG1,TfCut2,1316.0,1.1442,True,True,0.9624,267,42.62,0.927,4CG1,TfCut2,42.62,0.927,0.888,244,False,40.8,40.8,42.48,42.29,30.0,40.25,42.62,0.845,0.946,0.186,0.93,0.927
MGYP001368387099,6EQE,IsPETase,1272.0,-0.1744,True,True,0.9509,243,50.22,0.838,6EQE,IsPETase,50.22,0.838,0.914,223,False,46.8,46.8,50.22,44.89,22.31,38.59,44.68,0.838,0.845,0.903,0.895,0.859
MGYP002784815584,6EQE,IsPETase,1258.0,-0.5743,True,True,0.9513,247,53.88,0.898,4CG1,TfCut2,54.17,0.79,0.866,216,False,51.8,48.8,53.88,51.93,24.89,48.61,54.17,0.898,0.868,0.844,0.919,0.79
MGYP000173184570,4CG1,TfCut2,1306.0,-0.2422,True,True,0.9304,307,44.36,0.981,6EQE,IsPETase,47.35,0.974,0.847,264,False,42.9,45.2,47.35,41.98,29.27,44.15,44.36,0.974,0.969,0.446,0.992,0.981
MGYP001251303412,8B4U,PET46,1277.0,-0.7702,True,True,0.9577,257,41.34,0.941,8B4U,PET46,41.34,0.941,0.969,254,False,38.1,38.1,23.08,22.22,41.34,21.24,22.04,0.498,0.655,0.941,0.663,0.737
MGYP000613174714,8B4U,PET46,1251.0,-2.2617,False,True,0.9722,258,39.02,0.944,8B4U,PET46,39.02,0.944,0.965,264,False,38.4,38.4,25.0,22.16,39.02,20.2,21.97,0.343,0.601,0.944,0.38,0.615
MGYP000591176695,8B4U,PET46,1249.0,-1.7126,False,True,0.9837,254,41.57,0.948,8B4U,PET46,41.57,0.948,0.972,255,False,39.6,39.6,20.49,25.66,41.57,26.13,25.24,0.426,0.368,0.948,0.376,0.359
MGYP000191501443,8B4U,PET46,1252.0,-1.4248,False,True,0.964,263,41.09,0.959,8B4U,PET46,41.09,0.959,0.954,258,False,39.2,39.2,25.0,28.0,41.09,25.28,20.66,0.498,0.612,0.959,0.62,0.439
MGYP003593005876,8B4U,PET46,1261.0,-2.3405,False,True,0.977,261,36.92,0.959,8B4U,PET46,36.92,0.959,0.973,260,False,36.5,36.5,21.19,21.54,36.92,20.62,18.69,0.423,0.434,0.959,0.481,0.374
MGYP003476882473,6EQE,IsPETase,1244.0,-0.196,True,True,0.9417,220,65.26,0.804,6EQE,IsPETase,65.26,0.804,0.955,213,False,64.9,64.9,65.26,45.15,31.08,42.72,50.51,0.804,0.779,0.271,0.787,0.737
MGYP001178111713,8B4U,PET46,1244.0,-1.7971,False,True,0.9747,259,37.16,0.97,8B4U,PET46,37.16,0.97,0.977,261,False,35.6,35.6,27.08,30.5,37.16,30.16,23.6,0.355,0.488,0.97,0.244,0.622
MGYP000415728319,8B4U,PET46,1237.0,-0.9375,True,True,0.9673,264,41.8,0.944,8B4U,PET46,41.8,0.944,0.947,256,False,37.7,37.7,22.09,25.81,41.8,24.81,23.89,0.317,0.329,0.944,0.453,0.385
MGYP003587389045,8B4U,PET46,1236.0,-1.6637,False,True,0.9709,258,41.2,0.959,8B4U,PET46,41.2,0.959,0.984,267,False,39.3,39.3,23.01,25.87,41.2,50.0,25.0,0.37,0.45,0.959,0.078,0.359
MGYP001493783066,8B4U,PET46,1228.0,-1.6768,False,True,0.9765,262,39.92,0.941,8B4U,PET46,39.92,0.941,0.947,258,False,37.8,37.8,25.0,28.68,39.92,25.58,23.39,0.426,0.45,0.941,0.453,0.439
MGYP003609754630,8B4U,PET46,1234.0,-1.0675,True,True,0.9771,258,38.04,0.944,8B4U,PET46,38.04,0.944,0.965,255,False,36.0,36.0,31.03,25.0,38.04,23.08,20.34,0.219,0.45,0.944,0.578,0.561
MGYP001166430017,6EQE,IsPETase,1221.0,0.764,True,True,0.9261,282,41.6,0.879,4CG1,TfCut2,43.19,0.779,0.755,213,False,39.7,38.1,41.6,39.11,26.72,41.49,43.19,0.879,0.926,0.457,0.903,0.779
MGYP000280442270,8B4U,PET46,1236.0,-0.893,True,True,0.9541,256,42.02,0.952,8B4U,PET46,42.02,0.952,0.969,257,False,41.1,41.1,26.09,22.27,42.02,29.69,22.95,0.343,0.729,0.952,0.24,0.718
MGYP001229256993,8B4U,PET46,1232.0,-2.9775,False,True,0.9613,261,41.38,0.959,8B4U,PET46,41.38,0.959,0.973,261,False,38.8,38.8,25.76,25.23,41.38,25.49,23.08,0.449,0.368,0.959,0.372,0.359
MGYP001000919369,8B4U,PET46,1214.0,-1.7299,False,True,0.9726,250,43.3,0.952,8B4U,PET46,43.3,0.952,0.98,261,False,40.4,40.4,24.22,23.37,43.3,25.93,24.35,0.57,0.628,0.952,0.372,0.416
MGYP000210912620,6EQE,IsPETase,1209.0,-0.2144,True,True,0.9369,246,44.67,0.906,4WFI,Cut190,46.09,0.911,0.984,243,False,43.9,43.3,44.67,41.13,21.67,46.09,43.35,0.906,0.922,0.42,0.911,0.847
MGYP001557180572,4CG1,TfCut2,1203.0,,False,True,0.9419,235,43.8,0.92,6EQE,IsPETase,43.98,0.902,0.979,241,False,43.2,43.1,43.98,43.46,27.18,42.62,43.8,0.902,0.911,0.372,0.93,0.92
MGYP000456884793,8B4U,PET46,1205.0,-0.6992,True,True,0.9665,259,38.22,0.929,8B4U,PET46,38.22,0.929,0.95,259,False,36.8,36.8,25.88,31.31,38.22,45.45,27.54,0.302,0.326,0.929,0.128,0.477
MGYP000855197346,8B4U,PET46,1206.0,-0.7516,True,True,0.9681,256,37.22,0.955,8B4U,PET46,37.22,0.955,0.98,266,False,36.3,36.3,28.68,25.0,37.22,25.81,25.41,0.449,0.426,0.955,0.43,0.416
MGYP001064619442,8B4U,PET46,1211.0,-2.813,False,True,0.9632,256,39.02,0.952,8B4U,PET46,39.02,0.952,0.98,264,False,36.0,36.0,21.54,23.4,39.02,25.0,23.08,0.736,0.671,0.952,0.364,0.412
MGYP000965613576,8B4U,PET46,1209.0,-2.0661,False,True,0.9714,263,38.4,0.955,8B4U,PET46,38.4,0.955,0.966,263,False,36.4,36.4,24.63,25.0,38.4,32.26,40.74,0.449,0.395,0.955,0.236,0.103
MGYP000990779562,8B4U,PET46,1194.0,-1.7759,False,True,0.9763,255,39.85,0.955,8B4U,PET46,39.85,0.955,0.98,261,False,37.7,37.7,28.12,27.85,39.85,28.3,26.72,0.347,0.275,0.955,0.357,0.401
MGYP003608607993,8B4U,PET46,1203.0,-1.016,True,True,0.9792,257,40.94,0.944,8B4U,PET46,40.94,0.944,0.957,254,False,37.7,37.7,27.69,22.54,40.94,24.19,24.8,0.449,0.725,0.944,0.453,0.439
MGYP000105986930,8B4U,PET46,1190.0,-2.6884,False,True,0.9726,263,41.42,0.963,8B4U,PET46,41.42,0.963,0.973,268,False,40.0,40.0,23.13,25.55,41.42,32.35,22.4,0.475,0.461,0.963,0.132,0.416
MGYP001354279307,8B4U,PET46,1188.0,-2.0455,False,True,0.9677,252,35.8,0.952,8B4U,PET46,35.8,0.952,0.972,257,False,33.4,33.4,26.76,28.77,35.8,24.82,24.09,0.487,0.481,0.952,0.531,0.473
MGYP000389168146,6EQE,IsPETase,1185.0,-0.3685,True,True,0.9477,238,50.63,0.872,6EQE,IsPETase,50.63,0.872,0.992,239,False,48.9,48.9,50.63,49.14,29.17,46.67,45.04,0.872,0.853,0.424,0.891,0.87
MGYP001245784375,8B4U,PET46,1180.0,-0.3889,True,True,0.9707,254,37.31,0.952,8B4U,PET46,37.31,0.952,0.98,260,False,35.5,35.5,27.97,27.43,37.31,26.61,26.02,0.506,0.368,0.952,0.372,0.42
MGYP001466411950,8B4U,PET46,1184.0,-0.4522,True,True,0.9798,262,39.3,0.941,8B4U,PET46,39.3,0.941,0.95,257,False,36.6,36.6,27.78,33.01,39.3,68.75,24.41,0.196,0.368,0.941,0.062,0.443
MGYP000626562728,8B4U,PET46,1179.0,-1.8516,False,True,0.9775,256,40.7,0.944,8B4U,PET46,40.7,0.944,0.969,258,False,38.2,38.2,20.61,27.35,40.7,23.91,20.13,0.468,0.384,0.944,0.31,0.573
MGYP001366545508,8B4U,PET46,1179.0,-1.9421,False,True,0.9698,258,40.07,0.959,8B4U,PET46,40.07,0.959,0.981,267,False,37.5,37.5,23.24,25.34,40.07,29.17,22.14,0.479,0.469,0.959,0.244,0.489
MGYP001125009929,8B4U,PET46,1167.0,-2.2036,False,True,0.956,268,39.31,0.944,8B4U,PET46,39.31,0.944,0.948,262,False,38.2,38.2,21.81,37.1,39.31,25.62,21.56,0.709,0.236,0.944,0.787,0.775
MGYP000527652584,8B4U,PET46,1183.0,-2.5286,False,True,0.9598,258,35.14,0.941,8B4U,PET46,35.14,0.941,0.961,259,False,33.2,33.2,25.35,25.83,35.14,21.69,22.95,0.509,0.407,0.941,0.736,0.435
MGYP000088295628,8B4U,PET46,1178.0,-1.2152,False,True,0.9667,269,34.62,0.959,8B4U,PET46,34.62,0.959,0.911,260,False,33.4,33.4,20.39,21.89,34.62,22.08,18.18,0.419,0.581,0.959,0.519,0.718
MGYP002395748319,8B4U,PET46,1165.0,-1.6815,False,True,0.9192,303,35.64,0.952,8B4U,PET46,35.64,0.952,0.855,275,False,35.1,35.1,27.59,28.21,35.64,23.42,20.71,0.313,0.399,0.952,0.372,0.477
MGYP000847703229,8B4U,PET46,1158.0,-2.1011,False,True,0.9677,252,37.35,0.955,8B4U,PET46,37.35,0.955,0.98,257,False,36.6,36.6,35.56,29.23,37.35,26.4,25.0,0.17,0.434,0.955,0.438,0.424
MGYP003700266689,6EQE,IsPETase,1157.0,-0.0016,True,True,0.9487,289,40.33,0.872,4CG1,TfCut2,42.53,0.779,0.765,221,False,36.9,35.3,40.33,37.1,20.59,36.4,42.53,0.872,0.891,0.476,0.899,0.779
MGYP001139989424,8B4U,PET46,1146.0,,False,False,0.9728,232,40.93,0.874,8B4U,PET46,40.93,0.874,1.0,237,False,39.6,39.6,22.78,20.9,40.93,19.44,20.31,0.294,0.446,0.874,0.372,0.435
MGYP001096908723,8B4U,PET46,1156.0,-1.6865,False,True,0.9741,256,39.62,0.933,8B4U,PET46,39.62,0.933,0.953,265,False,36.0,36.0,21.31,23.64,39.62,30.3,21.01,0.392,0.38,0.933,0.128,0.42
MGYP000938081187,8B4U,PET46,1156.0,-1.1395,True,True,0.9744,260,37.4,0.944,8B4U,PET46,37.4,0.944,0.954,262,False,34.2,34.2,22.48,25.66,37.4,57.14,22.17,0.449,0.368,0.944,0.054,0.637
MGYP000642059670,8B4U,PET46,1156.0,-1.873,False,True,0.9815,261,34.44,0.959,8B4U,PET46,34.44,0.959,0.981,270,False,33.2,33.2,21.43,24.21,34.44,17.83,21.43,0.26,0.329,0.959,0.453,0.492
MGYP001229627836,8B4U,PET46,1156.0,-0.9837,True,True,0.9669,263,35.97,0.933,8B4U,PET46,35.97,0.933,0.951,253,False,33.3,33.3,26.15,22.22,35.97,33.33,19.25,0.238,0.364,0.933,0.093,0.664
MGYP001176807024,4CG1,TfCut2,1140.0,-0.427,True,True,0.9518,194,62.18,0.737,4CG1,TfCut2,62.18,0.737,0.985,193,False,60.4,60.4,44.72,55.5,25.0,58.97,62.18,0.747,0.736,0.323,0.756,0.737
MGYP000710483327,8B4U,PET46,1156.0,-2.172,False,True,0.9702,263,41.57,0.963,8B4U,PET46,41.57,0.963,0.973,267,False,40.0,40.0,21.83,24.78,41.57,38.24,22.4,0.475,0.368,0.963,0.132,0.416
MGYP000726735156,8B4U,PET46,1152.0,0.0202,True,True,0.9785,249,35.86,0.929,8B4U,PET46,35.86,0.929,0.948,251,False,33.0,33.0,22.4,27.61,35.86,24.26,24.75,0.453,0.45,0.929,0.481,0.359
MGYP003450003198,6EQE,IsPETase,1140.0,-0.0114,True,True,0.8804,311,43.21,0.906,6EQE,IsPETase,43.21,0.906,0.765,243,False,41.2,41.2,43.21,36.51,25.76,37.96,36.9,0.906,0.946,0.461,0.919,0.931
MGYP001116003650,8B4U,PET46,1140.0,-2.3354,False,True,0.9522,243,34.1,0.963,8B4U,PET46,34.1,0.963,0.992,261,False,33.8,33.8,21.26,23.33,34.1,18.82,25.0,0.634,0.314,0.963,0.504,0.286
MGYP001019261786,8B4U,PET46,1139.0,-1.2692,False,True,0.9684,257,37.84,0.955,8B4U,PET46,37.84,0.955,0.984,259,False,36.8,36.8,21.43,22.96,37.84,28.21,22.52,0.645,0.45,0.955,0.147,0.385
MGYP000686585230,4CG1,TfCut2,1135.0,-0.7794,True,True,0.9332,212,55.71,0.794,4WFI,Cut190,56.4,0.818,0.995,211,False,55.7,56.6,42.2,54.11,21.14,56.4,55.71,0.815,0.795,0.413,0.818,0.794
MGYP000890030264,8B4U,PET46,1138.0,-1.851,False,True,0.9757,257,35.79,0.963,8B4U,PET46,35.79,0.963,0.992,271,False,35.4,35.4,28.77,24.31,35.79,45.0,35.29,0.272,0.632,0.963,0.078,0.13
MGYP001060664174,8B4U,PET46,1137.0,-1.8472,False,True,0.9748,256,36.84,0.963,8B4U,PET46,36.84,0.963,0.988,266,False,35.6,35.6,19.44,20.62,36.84,23.91,24.43,0.494,0.678,0.963,0.674,0.618
MGYP002605737795,8B4U,PET46,1131.0,-2.2989,False,True,0.9456,258,33.46,0.963,8B4U,PET46,33.46,0.963,0.988,263,False,29.8,29.8,24.8,28.32,33.46,25.93,26.67,0.449,0.368,0.963,0.372,0.401
MGYP001198481390,8B4U,PET46,1131.0,-2.3438,False,True,0.9719,259,36.78,0.963,8B4U,PET46,36.78,0.963,0.977,261,False,35.5,35.5,22.22,27.16,36.78,24.69,19.05,0.389,0.302,0.963,0.314,0.447
MGYP001302543029,8B4U,PET46,1131.0,-1.8516,False,True,0.9598,248,40.26,0.848,8B4U,PET46,40.26,0.848,0.899,231,False,36.8,36.8,33.33,26.45,40.26,27.27,25.93,0.17,0.422,0.848,0.593,0.584
MGYP001007270889,8B4U,PET46,1131.0,-1.2408,False,True,0.9048,279,37.83,0.948,8B4U,PET46,37.83,0.948,0.9,267,False,35.8,35.8,22.22,40.0,37.83,52.94,23.21,0.517,0.097,0.948,0.066,0.382
MGYP001759722634,4CG1,TfCut2,1136.0,-1.3287,False,True,0.7942,356,37.55,0.893,4EB0,LCC_WT,38.65,0.946,0.694,251,False,35.0,36.7,36.33,38.65,25.22,35.77,37.55,0.906,0.946,0.424,0.988,0.893
MGYP000924775048,8B4U,PET46,1130.0,-2.5218,False,True,0.9763,259,36.29,0.955,8B4U,PET46,36.29,0.955,0.981,259,False,34.7,34.7,21.9,27.36,36.29,24.6,25.64,0.37,0.364,0.955,0.415,0.408
MGYP000187215704,8B4U,PET46,1128.0,-1.6039,False,True,0.9739,260,38.31,0.922,8B4U,PET46,38.31,0.922,0.927,248,False,35.3,35.3,22.06,31.67,38.31,20.08,22.01,0.43,0.229,0.922,0.795,0.775
MGYP000553520838,4CG1,TfCut2,1115.0,,False,False,0.9547,193,54.08,0.74,4EB0,LCC_WT,55.61,0.748,1.0,196,False,52.5,54.5,47.98,55.61,23.85,54.87,54.08,0.736,0.748,0.446,0.756,0.74
MGYP000971706272,8B4U,PET46,1123.0,-2.3164,False,True,0.9717,258,37.93,0.955,8B4U,PET46,37.93,0.955,0.981,261,False,34.9,34.9,22.06,22.43,37.93,37.5,26.89,0.449,0.368,0.955,0.124,0.405
MGYP000087980178,4CG1,TfCut2,1122.0,-1.1249,True,True,0.8599,259,43.48,0.874,4EB0,LCC_WT,45.61,0.876,0.873,228,False,43.4,44.7,40.68,45.61,26.45,43.91,43.48,0.879,0.876,0.42,0.888,0.874
MGYP000651981435,8B4U,PET46,1127.0,-1.592,False,True,0.9339,287,39.52,0.914,8B4U,PET46,39.52,0.914,0.829,248,False,36.2,36.2,19.88,21.58,39.52,34.38,26.61,0.608,0.779,0.914,0.124,0.458
MGYP000920028144,8B4U,PET46,1116.0,-1.849,False,True,0.9629,259,31.32,0.959,8B4U,PET46,31.32,0.959,0.985,265,False,28.1,28.1,21.05,23.32,31.32,21.05,24.42,0.449,0.671,0.959,0.465,0.317
MGYP000931636492,8B4U,PET46,1120.0,-1.4025,False,True,0.9548,265,37.07,0.952,8B4U,PET46,37.07,0.952,0.943,259,False,35.0,35.0,23.53,28.71,37.07,21.55,24.76,0.694,0.36,0.952,0.651,0.744
MGYP001009829181,8B4U,PET46,1116.0,-1.6035,False,True,0.9777,254,36.86,0.918,8B4U,PET46,36.86,0.918,0.945,255,False,35.7,35.7,20.14,25.26,36.86,25.0,24.14,0.46,0.314,0.918,0.31,0.221
MGYP001113117702,8B4U,PET46,1119.0,-1.465,False,True,0.9818,259,34.78,0.985,8B4U,PET46,34.78,0.985,0.996,276,False,33.9,33.9,22.82,29.47,34.78,28.3,24.65,0.509,0.322,0.985,0.202,0.5
MGYP000875141865,8B4U,PET46,1109.0,-1.3717,False,True,0.9807,260,36.95,0.907,8B4U,PET46,36.95,0.907,0.923,249,False,34.3,34.3,25.0,24.1,36.95,40.0,23.81,0.272,0.322,0.907,0.058,0.321
MGYP001579398924,8B4U,PET46,1107.0,-1.2717,False,True,0.9395,250,38.46,0.948,8B4U,PET46,38.46,0.948,0.968,260,False,34.3,34.3,17.33,24.68,38.46,23.38,20.08,0.608,0.291,0.948,0.295,0.729
MGYP000651982217,8B4U,PET46,1106.0,-1.9058,False,True,0.9544,258,32.46,0.959,8B4U,PET46,32.46,0.959,0.988,268,False,32.1,32.1,21.48,23.83,32.46,22.9,26.19,0.464,0.729,0.959,0.461,0.431
MGYP000388388267,4CG1,TfCut2,1101.0,-0.4751,True,True,0.9402,229,48.02,0.859,4WFI,Cut190,49.33,0.872,0.974,225,False,47.0,47.8,40.61,48.8,28.71,49.33,48.02,0.857,0.802,0.338,0.872,0.859
MGYP001772874786,8B4U,PET46,1105.0,-2.3552,False,True,0.9798,254,35.25,0.959,8B4U,PET46,35.25,0.959,0.965,261,False,33.2,33.2,21.74,25.2,35.25,27.13,30.0,0.623,0.756,0.959,0.457,0.42
MGYP001444749613,8B4U,PET46,1103.0,-1.6714,False,True,0.9742,265,28.91,0.952,8B4U,PET46,28.91,0.952,0.943,256,False,27.9,27.9,26.14,26.53,28.91,24.22,22.5,0.317,0.326,0.952,0.45,0.557
MGYP003177755420,8B4U,PET46,1102.0,-1.5917,False,True,0.9592,260,33.59,0.955,8B4U,PET46,33.59,0.955,0.969,262,False,32.9,32.9,32.43,46.67,33.59,46.67,32.35,0.136,0.058,0.955,0.058,0.13
MGYP002716753343,4CG1,TfCut2,1100.0,-0.5337,True,True,0.9622,286,35.66,0.969,4WFI,Cut190,36.86,0.981,0.864,255,False,35.1,35.6,33.2,34.45,27.36,36.86,35.66,0.902,0.915,0.383,0.981,0.969
MGYP001770879134,8B4U,PET46,1102.0,-1.6204,False,True,0.8957,290,34.89,0.952,8B4U,PET46,34.89,0.952,0.934,278,False,30.2,30.2,26.32,27.61,34.89,45.0,24.28,0.517,0.453,0.952,0.078,0.634
MGYP002817680355,6EQE,IsPETase,1095.0,-0.3784,True,True,0.9154,321,33.33,0.97,4EB0,LCC_WT,35.63,0.977,0.807,261,False,32.0,33.4,33.33,35.63,26.95,34.78,34.9,0.97,0.977,0.584,0.946,0.927
MGYP000858230106,8B4U,PET46,1093.0,-0.9758,True,True,0.9773,273,31.99,0.967,8B4U,PET46,31.99,0.967,0.956,272,False,30.4,30.4,36.67,27.59,31.99,24.11,23.62,0.113,0.306,0.967,0.384,0.42
MGYP000492011786,8B4U,PET46,1093.0,-2.5805,False,True,0.9828,253,29.12,0.963,8B4U,PET46,29.12,0.963,0.988,261,False,28.0,28.0,25.0,26.27,29.12,23.58,21.13,0.242,0.391,0.963,0.372,0.511
MGYP002509529781,8B4U,PET46,1091.0,-2.6667,False,True,0.9625,261,36.84,0.877,8B4U,PET46,36.84,0.877,0.889,247,False,32.9,32.9,21.88,23.01,36.84,32.26,39.47,0.449,0.368,0.877,0.217,0.141
MGYP001317820497,8B4U,PET46,1093.0,-2.096,False,True,0.9707,247,33.21,0.944,8B4U,PET46,33.21,0.944,0.984,262,False,32.1,32.1,25.0,26.61,33.21,21.49,22.62,0.63,0.411,0.944,0.74,0.664
MGYP000560235618,8B4U,PET46,1093.0,-2.2796,False,True,0.9617,261,36.74,0.955,8B4U,PET46,36.74,0.955,0.969,264,False,34.8,34.8,36.36,24.1,36.74,22.55,27.04,0.125,0.667,0.955,0.667,0.668
MGYP002682062329,8B4U,PET46,1090.0,-1.8237,False,True,0.967,260,33.07,0.944,8B4U,PET46,33.07,0.944,0.954,257,False,30.6,30.6,25.81,30.23,33.07,26.47,22.58,0.494,0.442,0.944,0.372,0.439
MGYP003699982339,8B4U,PET46,1087.0,-2.1198,False,True,0.963,258,34.63,0.944,8B4U,PET46,34.63,0.944,0.965,257,False,32.9,32.9,36.11,27.63,34.63,30.56,31.48,0.132,0.527,0.944,0.136,0.202
MGYP001205384655,8B4U,PET46,1090.0,-1.053,True,True,0.967,255,37.11,0.929,8B4U,PET46,37.11,0.929,0.953,256,False,33.3,33.3,27.97,25.0,37.11,36.36,22.02,0.411,0.45,0.929,0.209,0.389
MGYP000928167295,4EB0,LCC_WT,1090.0,-1.3856,False,True,0.8265,342,38.93,0.911,4CG1,TfCut2,39.33,0.87,0.69,239,False,36.9,34.6,38.06,38.93,37.5,37.55,39.33,0.913,0.911,0.149,0.888,0.87
MGYP001821672909,4CG1,TfCut2,1087.0,0.6602,True,True,0.8865,268,41.94,0.802,4WFI,Cut190,45.42,0.907,0.854,240,False,37.2,43.5,36.56,42.02,31.11,45.42,41.94,0.842,0.895,0.32,0.907,0.802
MGYP003971163163,8B4U,PET46,1080.0,,False,False,0.9731,262,31.78,0.933,8B4U,PET46,31.78,0.933,0.958,258,False,28.6,28.6,24.32,24.43,31.78,26.72,25.55,0.4,0.446,0.933,0.411,0.5
MGYP001346847273,8B4U,PET46,1083.0,-2.0905,False,True,0.9491,260,31.01,0.937,8B4U,PET46,31.01,0.937,0.958,258,False,29.2,29.2,25.0,24.68,31.01,21.35,21.51,0.43,0.411,0.937,0.508,0.79
MGYP001817575622,8B4U,PET46,1085.0,-1.1554,True,True,0.9521,261,32.56,0.941,8B4U,PET46,32.56,0.941,0.954,258,False,31.5,31.5,29.03,32.97,32.56,28.45,25.23,0.321,0.322,0.941,0.395,0.389
MGYP001129655555,8B4U,PET46,1081.0,-2.0064,False,True,0.9584,232,34.75,0.955,8B4U,PET46,34.75,0.955,0.957,259,False,31.6,31.6,23.71,21.49,34.75,21.96,22.33,0.743,0.771,0.955,0.74,0.721
MGYP001770234818,8B4U,PET46,1081.0,-1.647,False,True,0.9793,270,29.3,0.941,8B4U,PET46,29.3,0.941,0.941,256,False,29.1,29.1,21.9,26.44,29.3,25.33,24.49,0.426,0.302,0.941,0.527,0.34
MGYP001323382937,6EQE,IsPETase,1080.0,-0.4324,True,True,0.8886,295,38.58,0.977,4WFI,Cut190,38.7,0.965,0.858,261,False,35.0,36.6,38.58,38.28,25.0,38.7,36.29,0.977,0.953,0.52,0.965,0.954
MGYP001217338578,8B4U,PET46,1079.0,-1.3386,False,True,0.9412,243,39.34,0.881,8B4U,PET46,39.34,0.881,0.951,244,False,37.6,37.6,23.41,28.44,39.34,23.08,23.3,0.66,0.372,0.881,0.453,0.359
MGYP000376436563,8B4U,PET46,1081.0,-2.4368,False,True,0.9263,280,35.17,0.862,8B4U,PET46,35.17,0.862,0.811,236,False,32.9,32.9,22.38,22.12,35.17,33.33,29.85,0.491,0.368,0.862,0.221,0.244
MGYP001031126874,6EQE,IsPETase,1085.0,,False,True,0.8842,355,38.11,0.985,4EB0,LCC_WT,39.92,0.88,0.67,238,False,36.8,35.7,38.11,39.92,31.11,38.4,38.46,0.985,0.88,0.323,0.868,0.851
MGYP001160728045,8B4U,PET46,1072.0,,False,False,0.9572,274,30.68,0.959,8B4U,PET46,30.68,0.959,0.949,264,False,29.3,29.3,27.78,25.27,30.68,23.53,20.31,0.136,0.322,0.959,0.244,0.435
MGYP001477053272,4EB0,LCC_WT,1078.0,-0.1941,True,True,0.8977,272,32.0,0.911,4WFI,Cut190,36.44,0.833,0.824,225,False,29.6,33.2,32.14,32.0,25.95,36.44,34.03,0.826,0.911,0.572,0.833,0.859
MGYP000511421728,8B4U,PET46,1077.0,-2.3329,False,True,0.9718,261,35.27,0.944,8B4U,PET46,35.27,0.944,0.962,258,False,31.4,31.4,23.2,18.6,35.27,23.85,25.0,0.449,0.45,0.944,0.372,0.439
MGYP000197512678,8B4U,PET46,1077.0,-1.6458,False,True,0.9769,255,32.31,0.952,8B4U,PET46,32.31,0.952,0.976,260,False,29.5,29.5,23.28,22.36,32.31,17.0,24.24,0.426,0.721,0.952,0.748,0.458
MGYP003407001727,4EB0,LCC_WT,1077.0,-0.0238,True,True,0.8967,307,35.63,0.907,4WFI,Cut190,38.8,0.915,0.801,250,False,34.2,33.3,38.0,35.63,21.8,38.8,37.25,0.909,0.907,0.446,0.915,0.912
MGYP001626172739,8B4U,PET46,1070.0,-2.1832,False,True,0.9829,253,33.33,0.911,8B4U,PET46,33.33,0.911,0.921,252,False,30.7,30.7,28.92,29.79,33.33,26.67,30.25,0.298,0.329,0.911,0.419,0.42
MGYP001593543313,8B4U,PET46,1069.0,-1.8356,False,True,0.9535,271,30.15,0.937,8B4U,PET46,30.15,0.937,0.941,262,False,27.4,27.4,28.24,24.84,30.15,25.37,25.89,0.453,0.508,0.937,0.256,0.397
MGYP001770243421,8B4U,PET46,1073.0,-1.4784,False,True,0.9761,272,29.06,0.967,8B4U,PET46,29.06,0.967,0.963,265,False,27.1,27.1,33.33,33.33,29.06,25.0,25.0,0.136,0.14,0.967,0.368,0.435
MGYP001257185511,4EB0,LCC_WT,1072.0,-2.12,False,True,0.896,330,37.19,0.907,4EB0,LCC_WT,37.19,0.907,0.733,242,False,33.9,33.9,36.11,37.19,43.24,34.63,35.71,0.925,0.907,0.138,0.95,0.916
MGYP000564582922,4EB0,LCC_WT,1069.0,0.2605,True,True,0.9118,317,36.04,0.795,4WFI,Cut190,37.55,0.922,0.814,261,False,32.6,33.6,31.82,36.04,31.71,37.55,33.97,0.925,0.795,0.301,0.922,0.889
MGYP000924421361,8B4U,PET46,1067.0,-1.3305,False,True,0.961,253,31.4,0.948,8B4U,PET46,31.4,0.948,0.945,258,False,28.9,28.9,25.0,34.0,31.4,23.38,20.52,0.294,0.174,0.948,0.287,0.668
MGYP001318806059,4CG1,TfCut2,1066.0,-0.3925,True,True,0.9603,190,61.98,0.733,4WFI,Cut190,64.06,0.744,1.0,192,False,61.4,64.0,49.49,59.16,23.43,64.06,61.98,0.736,0.736,0.844,0.744,0.733
MGYP000919630751,8B4U,PET46,1066.0,-1.3243,False,True,0.9436,277,29.73,0.955,8B4U,PET46,29.73,0.955,0.924,259,False,28.6,28.6,25.2,25.9,29.73,24.04,24.37,0.426,0.481,0.955,0.616,0.695
MGYP001162562203,6EQE,IsPETase,1064.0,1.3375,True,True,0.9335,294,38.52,0.857,6EQE,IsPETase,38.52,0.857,0.827,244,False,33.5,33.5,38.52,36.14,26.79,35.48,37.84,0.857,0.891,0.394,0.884,0.905
MGYP000908139892,8B4U,PET46,1064.0,-1.4808,False,True,0.9778,256,33.94,0.799,8B4U,PET46,33.94,0.799,0.824,218,False,27.9,27.9,27.03,24.32,33.94,27.03,30.0,0.136,0.14,0.799,0.14,0.187
MGYP000311735616,8B4U,PET46,1064.0,-2.174,False,True,0.9674,254,34.01,0.903,8B4U,PET46,34.01,0.903,0.925,247,False,31.5,31.5,20.8,27.1,34.01,18.75,22.61,0.743,0.368,0.903,0.748,0.679
MGYP002634375525,6EQE,IsPETase,1063.0,0.9647,True,True,0.9284,298,37.94,0.909,6EQE,IsPETase,37.94,0.909,0.836,253,False,36.6,36.6,37.94,33.2,39.39,32.83,33.05,0.909,0.895,0.123,0.973,0.851
MGYP000532125297,8B4U,PET46,1062.0,-2.9466,False,True,0.9456,271,32.38,0.892,8B4U,PET46,32.38,0.892,0.867,244,False,29.6,29.6,22.64,22.94,32.38,33.33,44.0,0.37,0.368,0.892,0.198,0.095
MGYP000870037404,8B4U,PET46,1066.0,-1.0068,True,True,0.9814,274,32.93,0.911,8B4U,PET46,32.93,0.911,0.891,249,False,29.6,29.6,25.45,24.29,32.93,21.83,21.11,0.313,0.24,0.911,0.678,0.66
MGYP001037480595,8B4U,PET46,1062.0,-2.4547,False,True,0.9587,264,31.64,0.948,8B4U,PET46,31.64,0.948,0.958,256,False,30.0,30.0,22.68,30.56,31.64,26.87,22.39,0.358,0.248,0.948,0.473,0.477
MGYP003471375709,6EQE,IsPETase,1059.0,0.4661,True,True,0.9161,265,40.6,0.955,6EQE,IsPETase,40.6,0.955,0.958,266,False,38.9,38.9,40.6,33.2,20.87,34.4,35.2,0.955,0.961,0.42,0.93,0.912
MGYP000008670509,8B4U,PET46,1058.0,-2.0473,False,True,0.9718,252,36.03,0.914,8B4U,PET46,36.03,0.914,0.933,247,False,33.5,33.5,35.14,30.65,36.03,43.33,33.33,0.136,0.209,0.914,0.116,0.156
MGYP000601513684,4EB0,LCC_WT,1056.0,1.1651,True,True,0.9568,164,84.76,0.636,4EB0,LCC_WT,84.76,0.636,1.0,164,False,84.6,84.6,42.86,84.76,19.23,59.75,59.86,0.63,0.636,0.576,0.616,0.561
MGYP003575394538,4CG1,TfCut2,1052.0,-0.4712,True,True,0.9575,228,44.78,0.832,6EQE,IsPETase,50.0,0.834,0.991,228,False,44.9,48.6,50.0,46.46,28.71,45.26,44.78,0.834,0.822,0.372,0.845,0.832
MGYP000876725961,8B4U,PET46,1055.0,-2.0327,False,True,0.9536,264,32.06,0.941,8B4U,PET46,32.06,0.941,0.951,262,False,29.6,29.6,23.66,24.56,32.06,22.09,23.23,0.457,0.376,0.941,0.562,0.511
MGYP001400559074,4EB0,LCC_WT,1057.0,1.4807,True,True,0.9071,316,36.04,0.795,4WFI,Cut190,38.43,0.942,0.839,268,False,33.4,32.8,31.58,36.04,28.21,38.43,34.35,0.925,0.795,0.431,0.942,0.885
MGYP001416695296,8B4U,PET46,1051.0,-1.5799,False,True,0.9618,257,32.33,0.963,8B4U,PET46,32.33,0.963,0.977,266,False,31.5,31.5,23.48,25.44,32.33,48.15,30.28,0.472,0.407,0.963,0.105,0.382
MGYP001490773307,8B4U,PET46,1053.0,-0.895,True,True,0.9665,261,30.8,0.914,8B4U,PET46,30.8,0.914,0.912,250,False,27.4,27.4,22.48,22.4,30.8,19.82,22.4,0.46,0.643,0.914,0.729,0.637
MGYP001327156657,8B4U,PET46,1052.0,-2.4766,False,True,0.9599,257,28.94,0.967,8B4U,PET46,28.94,0.967,0.996,273,False,29.5,29.5,29.73,36.36,28.94,22.05,32.35,0.136,0.085,0.967,0.457,0.233
MGYP000933574751,8B4U,PET46,1051.0,-2.3068,False,True,0.9641,254,33.07,0.952,8B4U,PET46,33.07,0.952,0.976,257,False,31.5,31.5,29.03,21.05,33.07,21.49,20.83,0.117,0.674,0.952,0.419,0.336
MGYP001088337021,8B4U,PET46,1052.0,-1.4689,False,True,0.9205,307,34.18,0.959,8B4U,PET46,34.18,0.959,0.873,275,False,31.6,31.6,22.56,34.21,34.18,23.87,26.53,0.46,0.128,0.959,0.523,0.187
MGYP001009487488,8B4U,PET46,1050.0,-1.6288,False,True,0.976,237,28.68,0.952,8B4U,PET46,28.68,0.952,0.966,258,False,26.5,26.5,22.22,21.79,28.68,25.4,25.37,0.408,0.55,0.952,0.446,0.458
MGYP000811570950,8B4U,PET46,1050.0,-1.4822,False,True,0.9658,257,33.33,0.959,8B4U,PET46,33.33,0.959,0.988,264,False,31.9,31.9,29.5,24.29,33.33,28.57,27.46,0.423,0.477,0.959,0.438,0.492
MGYP001770562566,8B4U,PET46,1049.0,-1.5685,False,True,0.9697,252,33.46,0.955,8B4U,PET46,33.46,0.955,0.996,260,False,32.4,32.4,34.48,35.71,33.46,30.95,25.35,0.109,0.109,0.955,0.291,0.504
MGYP000886947962,8B4U,PET46,1048.0,-2.0052,False,True,0.9535,268,34.47,0.944,8B4U,PET46,34.47,0.944,0.951,264,False,32.9,32.9,21.95,27.5,34.47,23.08,22.61,0.43,0.411,0.944,0.399,0.401
MGYP000989336048,8B4U,PET46,1048.0,-1.062,True,True,0.9573,248,34.78,0.929,8B4U,PET46,34.78,0.929,0.952,253,False,30.7,30.7,23.2,26.05,34.78,24.48,26.89,0.558,0.391,0.929,0.721,0.439
MGYP001195556472,8B4U,PET46,1048.0,-1.4233,False,True,0.9707,256,33.46,0.959,8B4U,PET46,33.46,0.959,0.984,260,False,30.3,30.3,23.44,26.13,33.46,22.05,21.58,0.442,0.36,0.959,0.43,0.496
MGYP002719446038,4CG1,TfCut2,1044.0,-0.2177,True,True,0.9187,294,32.61,0.859,4CG1,TfCut2,32.61,0.859,0.765,230,False,29.2,29.2,29.25,30.68,26.87,31.35,32.61,0.932,0.953,0.48,0.969,0.859
MGYP002624179650,8B4U,PET46,1044.0,-1.9689,False,True,0.9671,250,31.27,0.952,8B4U,PET46,31.27,0.952,0.976,259,False,29.5,29.5,25.0,27.12,31.27,21.99,20.25,0.423,0.174,0.952,0.702,0.76
MGYP001305161758,6EQE,IsPETase,1048.0,1.988,True,True,0.8967,380,37.66,0.857,6EQE,IsPETase,37.66,0.857,0.605,231,False,34.5,34.5,37.66,34.67,42.42,33.33,36.03,0.857,0.946,0.123,0.926,0.889
MGYP000617819104,4EB0,LCC_WT,1046.0,1.4925,True,True,0.9207,363,33.58,0.984,4WFI,Cut190,35.78,0.806,0.598,218,False,31.0,31.6,33.83,33.58,27.21,35.78,32.63,0.951,0.984,0.502,0.806,1.0
MGYP000629608983,6EQE,IsPETase,1046.0,-0.0122,True,True,0.892,402,36.29,0.936,6EQE,IsPETase,36.29,0.936,0.639,259,False,34.4,34.4,36.29,35.11,40.0,30.38,34.2,0.936,0.957,0.149,0.95,0.813
MGYP001105403039,8B4U,PET46,1040.0,-1.5543,False,True,0.9644,243,37.26,0.948,8B4U,PET46,37.26,0.948,0.971,263,False,35.7,35.7,43.75,23.74,37.26,25.6,23.65,0.117,0.663,0.948,0.523,0.431
MGYP000153285637,8B4U,PET46,1044.0,-0.482,True,True,0.9064,278,33.59,0.948,8B4U,PET46,33.59,0.948,0.917,262,False,31.6,31.6,31.53,32.29,33.59,28.07,23.27,0.37,0.353,0.948,0.403,0.569
MGYP003376683754,8B4U,PET46,1040.0,-1.968,False,True,0.8913,240,29.23,0.959,8B4U,PET46,29.23,0.959,0.983,260,False,27.7,27.7,21.15,21.55,29.23,23.08,24.36,0.37,0.403,0.959,0.24,0.279
MGYP001151488865,6EQE,IsPETase,1036.0,-0.3687,True,True,0.9318,252,31.8,0.781,4CG1,TfCut2,33.8,0.763,0.857,216,False,29.4,29.7,31.8,30.74,33.33,32.72,33.8,0.781,0.833,0.245,0.787,0.763
MGYP000504156892,8B4U,PET46,1037.0,-1.5555,False,True,0.9634,259,33.71,0.959,8B4U,PET46,33.71,0.959,0.996,267,False,29.6,29.6,24.17,26.17,33.71,26.17,29.81,0.415,0.368,0.959,0.372,0.359
MGYP003962166279,8B4U,PET46,1032.0,,False,False,0.9538,266,29.87,0.84,8B4U,PET46,29.87,0.84,0.835,231,False,23.9,23.9,23.23,22.73,29.87,25.68,26.23,0.34,0.581,0.84,0.256,0.233
MGYP001351152434,8B4U,PET46,1035.0,-0.9558,True,True,0.9649,258,30.71,0.933,8B4U,PET46,30.71,0.933,0.934,254,False,30.0,30.0,29.25,28.08,30.71,27.64,23.36,0.389,0.519,0.933,0.43,0.492
MGYP000852722414,8B4U,PET46,1037.0,-2.0239,False,True,0.9531,301,32.1,0.941,8B4U,PET46,32.1,0.941,0.877,271,False,30.0,30.0,24.0,30.43,32.1,25.74,23.97,0.37,0.302,0.941,0.442,0.431
MGYP001248801471,4EB0,LCC_WT,1035.0,2.1268,True,True,0.901,330,33.59,0.93,4CG1,TfCut2,36.8,0.912,0.718,250,False,32.0,32.5,33.73,33.59,26.76,32.2,36.8,0.902,0.93,0.257,0.988,0.912
MGYP001123977755,8B4U,PET46,1033.0,-1.8104,False,True,0.9664,241,39.76,0.907,8B4U,PET46,39.76,0.907,0.988,249,False,39.1,39.1,24.41,19.92,39.76,21.56,25.81,0.449,0.729,0.907,0.597,0.439
MGYP000551248878,8B4U,PET46,1034.0,-2.2544,False,True,0.9588,272,30.56,0.929,8B4U,PET46,30.56,0.929,0.908,252,False,26.5,26.5,22.5,21.51,30.56,23.72,21.96,0.585,0.535,0.929,0.636,0.618
MGYP001186384904,8B4U,PET46,1035.0,-0.9836,True,True,0.9635,259,36.29,0.952,8B4U,PET46,36.29,0.952,0.977,259,False,33.0,33.0,27.08,28.33,36.29,27.27,23.33,0.181,0.43,0.952,0.326,0.424
MGYP001290150072,6EQE,IsPETase,1033.0,,False,True,0.9031,370,36.4,0.943,6EQE,IsPETase,36.4,0.943,0.697,261,False,35.7,35.7,36.4,34.38,37.21,30.14,33.47,0.943,0.942,0.16,0.806,0.882
MGYP002714884928,6EQE,IsPETase,1032.0,-0.2026,True,True,0.9643,205,54.85,0.77,6EQE,IsPETase,54.85,0.77,1.0,206,False,54.3,54.3,54.85,48.54,25.89,44.93,51.69,0.77,0.767,0.398,0.775,0.756
MGYP001376702680,4EB0,LCC_WT,1032.0,-0.8939,True,True,0.9257,305,32.14,0.922,4CG1,TfCut2,32.95,0.927,0.839,261,False,29.6,29.6,32.58,32.14,41.38,31.92,32.95,0.958,0.922,0.108,0.946,0.927
MGYP002652499101,8B4U,PET46,1032.0,-2.5268,False,True,0.9575,246,37.25,0.758,8B4U,PET46,37.25,0.758,0.793,204,False,31.7,31.7,21.55,26.45,37.25,25.2,25.23,0.408,0.411,0.758,0.422,0.382
MGYP000017235695,8B4U,PET46,1031.0,-1.2836,False,True,0.9744,256,32.53,0.918,8B4U,PET46,32.53,0.918,0.945,249,False,30.6,30.6,46.67,32.0,32.53,25.95,25.6,0.091,0.326,0.918,0.453,0.439
MGYP001772955887,8B4U,PET46,1029.0,-2.1915,False,True,0.9737,262,34.62,0.952,8B4U,PET46,34.62,0.952,0.927,260,False,32.8,32.8,19.4,24.11,34.62,22.92,24.42,0.253,0.512,0.952,0.787,0.649
MGYP003569112580,4EB0,LCC_WT,1032.0,2.5294,True,True,0.9181,365,37.5,0.895,4EB0,LCC_WT,37.5,0.895,0.655,240,False,34.4,34.4,34.0,37.5,44.19,33.33,37.44,0.921,0.895,0.16,0.907,0.771
MGYP001074193748,8B4U,PET46,1027.0,-2.2675,False,True,0.9085,307,29.89,0.948,8B4U,PET46,29.89,0.948,0.876,281,False,29.1,29.1,24.52,26.61,29.89,25.41,21.01,0.498,0.368,0.948,0.372,0.756
MGYP001302553370,8B4U,PET46,1026.0,-1.5004,False,True,0.9775,269,31.8,0.933,8B4U,PET46,31.8,0.933,0.937,261,False,28.4,28.4,23.08,33.33,31.8,25.0,22.06,0.294,0.306,0.933,0.484,0.473
MGYP003385382674,4EB0,LCC_WT,1029.0,,False,True,0.9182,448,32.22,0.996,4CG1,TfCut2,33.48,0.847,0.518,233,False,33.4,30.1,31.48,32.22,45.65,33.07,33.48,0.981,0.996,0.167,0.946,0.847
MGYP001816780056,8B4U,PET46,1025.0,-3.0632,False,True,0.9169,304,30.26,0.952,8B4U,PET46,30.26,0.952,0.984,304,False,25.7,25.7,25.0,26.46,30.26,25.28,24.38,0.302,0.558,0.952,0.581,0.527
MGYP000644355661,6EQE,IsPETase,1026.0,2.7577,True,True,0.9467,470,32.55,0.932,6EQE,IsPETase,32.55,0.932,0.517,255,False,31.5,31.5,32.55,32.32,35.71,30.34,30.83,0.932,0.95,0.156,0.857,0.874
MGYP001235346920,6EQE,IsPETase,1025.0,,False,True,0.875,403,34.41,0.909,4EB0,LCC_WT,34.75,0.942,0.633,259,False,32.4,33.3,34.41,34.75,34.88,30.0,33.33,0.909,0.942,0.16,0.814,0.794
MGYP001760178029,8B4U,PET46,1021.0,-1.6188,False,True,0.9539,258,30.33,0.885,8B4U,PET46,30.33,0.885,0.907,244,False,28.7,28.7,22.95,46.15,30.33,29.33,33.33,0.358,0.093,0.885,0.287,0.191
MGYP001285521820,6EQE,IsPETase,1021.0,1.9215,True,True,0.9032,333,32.02,0.913,4CG1,TfCut2,34.52,0.912,0.742,252,False,30.1,33.3,32.02,32.27,32.14,34.04,34.52,0.913,0.888,0.208,0.868,0.912
MGYP002713884571,8B4U,PET46,1020.0,-2.2752,False,True,0.9519,270,29.52,0.922,8B4U,PET46,29.52,0.922,0.944,271,False,27.7,27.7,26.02,28.24,29.52,23.14,25.0,0.419,0.291,0.922,0.411,0.401
MGYP003978842497,8B4U,PET46,1019.0,-3.0502,False,True,0.9428,254,31.84,0.959,8B4U,PET46,31.84,0.959,0.996,267,False,29.5,29.5,21.59,26.5,31.84,28.09,24.56,0.309,0.391,0.959,0.306,0.408
MGYP003584411750,8B4U,PET46,1018.0,-1.7613,False,True,0.934,293,31.62,0.941,8B4U,PET46,31.62,0.941,0.894,272,False,28.4,28.4,22.54,26.05,31.62,33.33,30.61,0.74,0.419,0.941,0.217,0.187
MGYP002383514010,8B4U,PET46,1020.0,-2.2569,False,True,0.9435,265,32.05,0.944,8B4U,PET46,32.05,0.944,0.955,259,False,32.6,32.6,26.74,22.83,32.05,24.07,24.0,0.317,0.446,0.944,0.209,0.267
MGYP001089917672,8B4U,PET46,1018.0,-1.919,False,True,0.9526,244,35.77,0.944,8B4U,PET46,35.77,0.944,0.975,260,False,32.1,32.1,41.94,23.11,35.77,25.17,23.53,0.117,0.663,0.944,0.438,0.729
MGYP000205572012,8B4U,PET46,1018.0,-3.1773,False,True,0.9774,251,30.77,0.941,8B4U,PET46,30.77,0.941,0.96,260,False,28.5,28.5,19.34,28.24,30.77,22.69,22.75,0.747,0.469,0.941,0.795,0.782
MGYP001809843667,8B4U,PET46,1017.0,-1.0572,True,True,0.9443,268,32.17,0.944,8B4U,PET46,32.17,0.944,0.929,258,False,28.5,28.5,19.2,22.61,32.17,20.78,20.9,0.736,0.671,0.944,0.678,0.702
MGYP000320761952,8B4U,PET46,1018.0,-1.8202,False,True,0.9563,270,30.22,0.952,8B4U,PET46,30.22,0.952,0.956,268,False,28.3,28.3,42.86,26.56,30.22,24.14,31.82,0.053,0.244,0.952,0.221,0.168
MGYP002711905874,8B4U,PET46,1017.0,-1.3936,False,True,0.9595,270,30.94,0.922,8B4U,PET46,30.94,0.922,0.944,265,False,27.7,27.7,23.58,24.79,30.94,23.64,28.04,0.419,0.411,0.922,0.372,0.366
MGYP003764088407,8B4U,PET46,1017.0,-1.9582,False,True,0.9414,273,36.08,0.922,8B4U,PET46,36.08,0.922,0.894,255,False,33.5,33.5,25.4,31.71,36.08,40.0,33.33,0.234,0.159,0.922,0.058,0.092
MGYP001604540549,8B4U,PET46,1016.0,-1.7031,False,True,0.9128,262,27.07,0.952,8B4U,PET46,27.07,0.952,0.939,266,False,25.1,25.1,23.81,22.95,27.07,17.02,25.68,0.294,0.236,0.952,0.709,0.282
MGYP000856600828,8B4U,PET46,1014.0,-1.3505,False,True,0.973,252,33.33,0.985,8B4U,PET46,33.33,0.985,1.0,267,False,31.4,31.4,32.14,38.71,33.33,41.94,22.5,0.102,0.116,0.985,0.116,0.29
MGYP000015044085,8B4U,PET46,1013.0,-1.9315,False,True,0.9369,301,30.66,0.948,8B4U,PET46,30.66,0.948,0.884,274,False,28.3,28.3,24.64,26.55,30.66,34.0,24.36,0.26,0.616,0.948,0.167,0.282
MGYP001413951859,8B4U,PET46,1015.0,-0.8925,True,True,0.9599,275,31.18,0.952,8B4U,PET46,31.18,0.952,0.942,263,False,30.1,30.1,24.63,23.31,31.18,20.77,18.62,0.404,0.446,0.952,0.446,0.492
MGYP001077924288,8B4U,PET46,1014.0,-2.2196,False,True,0.9532,250,26.97,0.97,8B4U,PET46,26.97,0.97,0.996,267,False,26.8,26.8,24.39,25.87,26.97,26.27,23.3,0.155,0.5,0.97,0.415,0.359
MGYP000217514972,8B4U,PET46,1013.0,-1.7264,False,True,0.9794,265,31.54,0.978,8B4U,PET46,31.54,0.978,0.966,279,False,29.2,29.2,25.23,23.26,31.54,25.66,24.83,0.396,0.43,0.978,0.391,0.542
MGYP001273092840,8B4U,PET46,1012.0,-2.3004,False,True,0.9587,264,27.72,0.937,8B4U,PET46,27.72,0.937,0.97,267,False,24.9,24.9,23.53,23.19,27.72,66.67,23.6,0.426,0.446,0.937,0.047,0.538
MGYP003974971481,4EB0,LCC_WT,1014.0,0.6171,True,True,0.9146,342,35.69,0.934,6EQE,IsPETase,35.74,0.902,0.719,249,False,34.8,35.3,35.74,35.69,37.5,32.07,32.64,0.902,0.934,0.119,0.86,0.859
MGYP001567050313,8B4U,PET46,1012.0,-2.2351,False,True,0.95,259,33.21,0.944,8B4U,PET46,33.21,0.944,0.965,271,False,31.7,31.7,27.87,23.85,33.21,21.95,28.97,0.453,0.45,0.944,0.438,0.397
MGYP000991677958,8B4U,PET46,1011.0,-2.2349,False,True,0.9664,293,31.1,0.892,8B4U,PET46,31.1,0.892,0.85,254,False,29.8,29.8,28.95,29.6,31.1,51.52,27.78,0.423,0.434,0.892,0.128,0.359
MGYP000291448868,4CG1,TfCut2,1009.0,,False,False,0.9297,192,55.21,0.725,4WFI,Cut190,58.76,0.74,0.99,194,False,54.9,56.9,43.75,56.77,28.16,58.76,55.21,0.713,0.733,0.368,0.74,0.725
MGYP000162028012,8B4U,PET46,1011.0,-1.0917,True,True,0.9498,249,33.6,0.914,8B4U,PET46,33.6,0.914,0.928,247,False,31.4,31.4,20.0,28.04,33.6,23.26,21.28,0.408,0.345,0.914,0.31,0.336
MGYP000432089579,8B4U,PET46,1010.0,-1.7616,False,True,0.9448,241,35.0,0.87,8B4U,PET46,35.0,0.87,0.963,240,False,34.1,34.1,28.12,25.0,35.0,25.51,21.71,0.343,0.341,0.87,0.349,0.466
MGYP002396313258,8B4U,PET46,1010.0,-1.9843,False,True,0.974,238,30.8,0.955,8B4U,PET46,30.8,0.955,0.979,263,False,28.9,28.9,23.16,22.22,30.8,20.5,24.32,0.358,0.349,0.955,0.748,0.523
MGYP001037011793,8B4U,PET46,1009.0,-2.4808,False,True,0.9553,258,32.95,0.944,8B4U,PET46,32.95,0.944,0.984,261,False,30.8,30.8,30.34,21.99,32.95,24.18,23.35,0.306,0.609,0.944,0.632,0.702
MGYP000339063746,8B4U,PET46,1008.0,-2.3302,False,True,0.9779,261,25.75,0.967,8B4U,PET46,25.75,0.967,0.973,268,False,23.6,23.6,40.62,25.81,25.75,26.67,25.54,0.121,0.434,0.967,0.477,0.634
MGYP000125133854,8B4U,PET46,1009.0,-3.0397,False,True,0.927,305,29.43,0.937,8B4U,PET46,29.43,0.937,0.967,299,False,25.1,25.1,29.27,23.68,29.43,25.24,21.3,0.426,0.395,0.937,0.372,0.656
MGYP000007904839,8B4U,PET46,1006.0,-1.2997,False,True,0.9374,248,35.42,0.885,8B4U,PET46,35.42,0.885,0.907,240,False,31.3,31.3,43.75,24.32,35.42,40.0,29.73,0.06,0.14,0.885,0.058,0.137
MGYP002510016294,8B4U,PET46,1008.0,-2.1753,False,True,0.9595,251,30.0,0.926,8B4U,PET46,30.0,0.926,0.944,250,False,28.3,28.3,21.38,30.95,30.0,26.09,23.53,0.502,0.163,0.926,0.419,0.42
MGYP002395463326,8B4U,PET46,1006.0,-0.7364,True,True,0.902,270,33.21,0.941,8B4U,PET46,33.21,0.941,0.889,265,False,31.2,31.2,25.24,24.58,33.21,25.81,26.89,0.351,0.709,0.941,0.236,0.401
MGYP002671875526,8B4U,PET46,1006.0,-1.7557,False,True,0.9551,271,31.23,0.941,8B4U,PET46,31.23,0.941,0.967,269,False,28.6,28.6,23.12,26.09,31.23,26.32,25.41,0.585,0.368,0.941,0.372,0.412
MGYP001405676178,8B4U,PET46,1005.0,-1.4078,False,True,0.9493,267,31.72,0.914,8B4U,PET46,31.72,0.914,0.94,268,False,27.1,27.1,24.49,30.85,31.72,34.48,27.52,0.642,0.329,0.914,0.221,0.527
MGYP002521931278,8B4U,PET46,1004.0,-1.0158,True,True,0.9497,271,31.09,0.937,8B4U,PET46,31.09,0.937,0.959,267,False,28.7,28.7,21.74,27.71,31.09,25.37,23.92,0.532,0.322,0.937,0.713,0.74
MGYP000182106560,8B4U,PET46,1004.0,-1.7083,False,True,0.9658,248,33.2,0.929,8B4U,PET46,33.2,0.929,0.976,256,False,30.4,30.4,23.23,26.61,33.2,22.37,22.57,0.43,0.434,0.929,0.554,0.805
MGYP000619074115,8B4U,PET46,1004.0,-2.6889,False,True,0.9768,229,28.02,0.955,8B4U,PET46,28.02,0.955,0.978,257,False,26.7,26.7,26.52,24.38,28.02,21.68,21.65,0.415,0.554,0.955,0.748,0.729
MGYP000527168770,8B4U,PET46,1004.0,-1.7578,False,True,0.9538,255,27.07,0.952,8B4U,PET46,27.07,0.952,0.984,266,False,26.7,26.7,38.89,24.21,27.07,26.85,26.5,0.128,0.341,0.952,0.349,0.389
MGYP001568752281,8B4U,PET46,1004.0,-2.2682,False,True,0.9748,257,29.84,0.933,8B4U,PET46,29.84,0.933,0.938,258,False,27.8,27.8,19.33,21.21,29.84,19.83,20.85,0.434,0.45,0.933,0.453,0.721
MGYP001565305647,8B4U,PET46,1003.0,-2.3882,False,True,0.9615,258,29.46,0.881,8B4U,PET46,29.46,0.881,0.903,258,False,27.4,27.4,44.83,28.85,29.46,30.36,18.64,0.109,0.202,0.881,0.159,0.225
MGYP000955397187,8B4U,PET46,999.0,-1.8156,False,True,0.9654,250,29.39,0.967,8B4U,PET46,29.39,0.967,0.996,262,False,29.3,29.3,23.66,24.37,29.39,22.42,21.51,0.464,0.411,0.967,0.597,0.615
MGYP003742395583,8B4U,PET46,998.0,-2.1617,False,True,0.9483,265,29.04,0.952,8B4U,PET46,29.04,0.952,0.947,272,False,27.4,27.4,44.44,29.55,29.04,31.11,44.44,0.068,0.159,0.952,0.155,0.069
MGYP001571963244,8B4U,PET46,1001.0,-1.9223,False,True,0.9549,287,28.01,0.914,8B4U,PET46,28.01,0.914,0.937,282,False,21.6,21.6,21.01,30.56,28.01,23.56,20.47,0.513,0.411,0.914,0.798,0.473
MGYP002601563705,8B4U,PET46,996.0,-2.3738,False,True,0.948,243,31.0,0.844,8B4U,PET46,31.0,0.844,0.889,229,False,29.2,29.2,25.0,33.33,31.0,32.61,40.0,0.151,0.105,0.844,0.155,0.095
MGYP002517314647,8B4U,PET46,997.0,-1.392,False,True,0.9373,273,28.52,0.941,8B4U,PET46,28.52,0.941,0.897,256,False,27.0,27.0,22.22,53.85,28.52,54.55,22.95,0.128,0.05,0.941,0.043,0.233
MGYP001562219732,8B4U,PET46,996.0,-1.9875,False,True,0.9678,254,28.91,0.926,8B4U,PET46,28.91,0.926,0.945,256,False,28.3,28.3,34.38,24.35,28.91,23.6,20.62,0.121,0.771,0.926,0.333,0.355
MGYP003595835142,8B4U,PET46,992.0,-1.5017,False,True,0.9516,264,28.36,0.963,8B4U,PET46,28.36,0.963,0.958,275,False,27.6,27.6,21.74,28.92,28.36,25.41,22.88,0.494,0.275,0.963,0.659,0.401
MGYP000614511730,8B4U,PET46,996.0,-1.9234,False,True,0.9682,249,33.61,0.888,8B4U,PET46,33.61,0.888,0.92,244,False,26.0,26.0,33.33,26.21,33.61,22.48,23.81,0.158,0.36,0.888,0.415,0.466
MGYP001582999075,8B4U,PET46,994.0,-2.3059,False,True,0.9696,262,27.31,0.933,8B4U,PET46,27.31,0.933,0.943,260,False,25.6,25.6,17.14,22.73,27.31,21.54,23.88,0.264,0.252,0.933,0.248,0.248
MGYP003109166174,6EQE,IsPETase,991.0,1.2992,True,True,0.8898,286,34.63,0.819,6EQE,IsPETase,34.63,0.819,0.787,231,False,30.1,30.1,34.63,32.17,22.75,30.8,31.49,0.819,0.911,0.859,0.868,0.84
MGYP001566738171,8B4U,PET46,992.0,-1.7638,False,True,0.9801,248,27.54,0.866,8B4U,PET46,27.54,0.866,0.903,236,False,23.0,23.0,24.44,29.49,27.54,26.67,24.56,0.17,0.26,0.866,0.446,0.218
MGYP001812421242,8B4U,PET46,991.0,-2.5998,False,True,0.9663,256,30.6,0.967,8B4U,PET46,30.6,0.967,0.977,268,False,27.8,27.8,20.61,26.17,30.6,23.93,24.55,0.438,0.388,0.967,0.864,0.782
MGYP003790300779,4CG1,TfCut2,990.0,0.4516,True,True,0.9283,230,43.86,0.855,4EB0,LCC_WT,45.45,0.798,0.904,209,False,44.1,43.3,37.28,45.45,20.0,43.36,43.86,0.849,0.798,0.242,0.868,0.855
MGYP001822689088,8B4U,PET46,992.0,-1.6847,False,True,0.8869,309,31.94,0.911,8B4U,PET46,31.94,0.911,0.835,263,False,27.6,27.6,26.86,26.15,31.94,27.97,23.95,0.615,0.453,0.911,0.403,0.557
MGYP001568699465,8B4U,PET46,989.0,-2.3516,False,True,0.9776,258,31.08,0.896,8B4U,PET46,31.08,0.896,0.899,251,False,27.4,27.4,25.76,34.55,31.08,30.36,30.91,0.249,0.209,0.896,0.213,0.21
MGYP002624222438,8B4U,PET46,989.0,-1.5056,False,True,0.9583,252,32.33,0.955,8B4U,PET46,32.33,0.955,0.972,266,False,28.8,28.8,22.73,26.97,32.33,27.78,22.22,0.396,0.295,0.955,0.411,0.317
MGYP002625649965,8B4U,PET46,987.0,-0.8302,True,True,0.9307,275,29.81,0.933,8B4U,PET46,29.81,0.933,0.873,265,False,27.0,27.0,21.37,35.14,29.81,24.17,25.45,0.415,0.14,0.933,0.422,0.183
MGYP001586523809,8B4U,PET46,988.0,-2.4444,False,True,0.9777,256,29.5,0.929,8B4U,PET46,29.5,0.929,0.957,261,False,25.4,25.4,20.0,28.43,29.5,29.09,19.23,0.291,0.341,0.929,0.213,0.435
MGYP000266680650,8B4U,PET46,986.0,-3.1536,False,True,0.9678,237,33.73,0.944,8B4U,PET46,33.73,0.944,0.962,255,False,28.3,28.3,20.41,23.94,33.73,21.46,23.33,0.623,0.647,0.944,0.795,0.779
MGYP001557789367,8B4U,PET46,987.0,-1.3634,False,True,0.9577,252,26.74,0.944,8B4U,PET46,26.74,0.944,0.964,258,False,25.2,25.2,20.87,18.81,26.74,18.53,18.1,0.611,0.663,0.944,0.698,0.702
MGYP001018589462,8B4U,PET46,986.0,-1.7901,False,True,0.9535,250,29.69,0.952,8B4U,PET46,29.69,0.952,0.968,256,False,28.5,28.5,20.83,25.27,29.69,20.34,19.01,0.502,0.31,0.952,0.438,0.439
MGYP002531472803,8B4U,PET46,985.0,-1.8079,False,True,0.9721,250,28.45,0.855,8B4U,PET46,28.45,0.855,0.872,239,False,23.5,23.5,29.31,24.69,28.45,46.67,19.17,0.219,0.283,0.855,0.058,0.439
MGYP001295327930,6EQE,IsPETase,989.0,1.3286,True,True,0.9394,323,31.75,0.925,6EQE,IsPETase,31.75,0.925,0.768,252,False,29.1,29.1,31.75,30.49,40.48,25.65,27.43,0.925,0.919,0.156,0.837,0.821
MGYP000128081746,8B4U,PET46,985.0,-2.5371,False,True,0.9775,260,30.52,0.922,8B4U,PET46,30.52,0.922,0.946,249,False,28.5,28.5,31.43,30.23,30.52,25.71,23.33,0.132,0.163,0.922,0.136,0.519
MGYP000542399819,8B4U,PET46,985.0,-2.4217,False,True,0.9818,256,33.33,0.941,8B4U,PET46,33.33,0.941,0.961,267,False,28.3,28.3,22.64,23.94,33.33,23.96,25.0,0.2,0.248,0.941,0.337,0.332
MGYP000647201728,8B4U,PET46,983.0,-0.4983,True,True,0.972,252,34.8,0.929,8B4U,PET46,34.8,0.929,0.94,250,False,29.4,29.4,24.51,22.82,34.8,24.4,24.4,0.611,0.748,0.929,0.81,0.775
MGYP000489014707,8B4U,PET46,980.0,-1.9962,False,True,0.9563,243,34.12,0.948,8B4U,PET46,34.12,0.948,0.971,255,False,31.6,31.6,46.43,29.81,34.12,44.0,32.31,0.106,0.364,0.948,0.097,0.24
MGYP000935144178,4CG1,TfCut2,979.0,-1.1598,False,True,0.9259,206,40.93,0.733,6EQE,IsPETase,44.27,0.717,0.908,192,False,39.8,43.4,44.27,42.86,36.17,40.72,40.93,0.717,0.806,0.171,0.748,0.733
MGYP000997430213,8B4U,PET46,981.0,-2.5657,False,True,0.9601,277,28.15,0.944,8B4U,PET46,28.15,0.944,0.917,270,False,24.4,24.4,51.85,31.88,28.15,26.76,26.39,0.102,0.24,0.944,0.256,0.256
MGYP001314428166,8B4U,PET46,983.0,-2.4885,False,True,0.9492,266,30.8,0.959,8B4U,PET46,30.8,0.959,0.989,276,False,25.9,25.9,26.03,30.36,30.8,32.35,20.34,0.26,0.213,0.959,0.132,0.431
MGYP003610489129,8B4U,PET46,981.0,-2.4965,False,True,0.9657,261,27.92,0.955,8B4U,PET46,27.92,0.955,0.973,265,False,27.3,27.3,26.83,26.14,27.92,20.9,20.73,0.306,0.291,0.955,0.24,0.286
MGYP001626385396,8B4U,PET46,979.0,-2.5382,False,True,0.956,249,36.92,0.926,8B4U,PET46,36.92,0.926,0.944,260,False,31.8,31.8,22.28,23.35,36.92,24.62,24.12,0.66,0.578,0.926,0.217,0.718
MGYP000624970973,8B4U,PET46,981.0,-2.3568,False,True,0.9717,255,31.27,0.952,8B4U,PET46,31.27,0.952,0.961,259,False,28.5,28.5,21.21,22.82,31.27,24.42,22.12,0.249,0.721,0.952,0.333,0.645
MGYP001312199498,8B4U,PET46,979.0,-2.0789,False,True,0.9745,251,33.2,0.941,8B4U,PET46,33.2,0.941,0.96,256,False,28.1,28.1,26.36,28.03,33.2,24.65,28.86,0.453,0.469,0.941,0.5,0.55
MGYP002621666570,8B4U,PET46,979.0,-2.3243,False,True,0.9552,277,32.86,0.751,8B4U,PET46,32.86,0.751,0.718,213,False,25.4,25.4,36.84,24.24,32.86,34.21,23.33,0.136,0.55,0.751,0.14,0.515
MGYP000300759853,4CG1,TfCut2,978.0,1.2329,True,True,0.8692,278,33.03,0.828,4EB0,LCC_WT,34.97,0.694,0.64,183,False,30.5,26.8,31.98,34.97,23.78,30.14,33.03,0.834,0.694,0.68,0.81,0.828
MGYP000624971931,8B4U,PET46,979.0,-1.8942,False,True,0.9687,251,30.17,0.862,8B4U,PET46,30.17,0.862,0.884,232,False,27.2,27.2,27.14,22.01,30.17,23.91,21.03,0.26,0.62,0.862,0.345,0.714
MGYP000414108240,4CG1,TfCut2,978.0,0.7749,True,True,0.8978,291,30.92,0.908,4CG1,TfCut2,30.92,0.908,0.825,249,False,27.1,27.1,29.67,30.0,24.14,27.82,30.92,0.906,0.922,0.42,0.926,0.908
MGYP001137404254,8B4U,PET46,978.0,-1.1926,False,True,0.9595,249,32.7,0.955,8B4U,PET46,32.7,0.955,0.968,263,False,30.7,30.7,22.09,22.83,32.7,24.7,21.94,0.743,0.55,0.955,0.5,0.729
MGYP000407350747,8B4U,PET46,977.0,-1.5037,False,True,0.9775,257,30.26,0.993,8B4U,PET46,30.26,0.993,0.981,271,False,27.5,27.5,28.21,26.76,30.26,23.89,27.36,0.147,0.24,0.993,0.415,0.344
MGYP000471455435,8B4U,PET46,976.0,-1.0597,True,True,0.9741,248,33.67,0.736,8B4U,PET46,33.67,0.736,0.758,199,False,25.6,25.6,22.93,34.48,33.67,27.91,25.95,0.547,0.225,0.736,0.461,0.492
MGYP002713999008,8B4U,PET46,977.0,-2.2795,False,True,0.9524,271,27.99,0.922,8B4U,PET46,27.99,0.922,0.948,268,False,25.7,25.7,23.68,30.89,27.99,25.23,24.56,0.551,0.434,0.922,0.403,0.397
MGYP001235833815,6EQE,IsPETase,978.0,1.1454,True,True,0.9318,340,30.92,0.909,6EQE,IsPETase,30.92,0.909,0.718,249,False,29.6,29.6,30.92,29.37,26.14,28.57,27.14,0.909,0.942,0.599,0.926,0.996
MGYP000403138124,8B4U,PET46,976.0,-2.0281,False,True,0.9628,248,28.92,0.922,8B4U,PET46,28.92,0.922,0.935,249,False,27.6,27.6,20.97,22.61,28.92,26.36,20.0,0.457,0.407,0.922,0.372,0.405
MGYP001302242555,8B4U,PET46,976.0,-1.7888,False,True,0.9598,265,29.41,0.758,8B4U,PET46,29.41,0.758,0.77,221,False,25.8,25.8,21.13,26.36,29.41,46.67,22.86,0.268,0.353,0.758,0.058,0.626
MGYP001362375412,8B4U,PET46,976.0,-2.3038,False,True,0.9711,250,32.95,0.948,8B4U,PET46,32.95,0.948,0.956,258,False,29.0,29.0,22.0,25.74,32.95,25.86,24.22,0.411,0.473,0.948,0.43,0.592
MGYP000913784938,8B4U,PET46,974.0,-2.2462,False,True,0.9841,250,30.4,0.922,8B4U,PET46,30.4,0.922,0.936,250,False,28.7,28.7,40.74,27.2,30.4,25.38,38.24,0.102,0.438,0.922,0.461,0.13
MGYP000799078396,8B4U,PET46,974.0,-1.7503,False,True,0.9169,262,30.65,0.9,8B4U,PET46,30.65,0.9,0.866,248,False,27.4,27.4,75.0,40.0,30.65,24.05,29.49,0.03,0.112,0.9,0.469,0.294
MGYP001560599210,8B4U,PET46,974.0,-2.1333,False,True,0.9762,260,31.06,0.926,8B4U,PET46,31.06,0.926,0.942,264,False,27.8,27.8,21.05,20.0,31.06,32.35,45.45,0.287,0.267,0.926,0.132,0.042
MGYP003621447787,8B4U,PET46,975.0,-2.3382,False,True,0.941,298,30.04,0.941,8B4U,PET46,30.04,0.941,0.886,273,False,27.9,27.9,26.19,24.72,30.04,23.24,21.7,0.158,0.314,0.941,0.527,0.672
MGYP001095082625,8B4U,PET46,974.0,-1.257,False,True,0.9549,245,32.69,0.944,8B4U,PET46,32.69,0.944,0.971,260,False,30.1,30.1,20.52,25.2,32.69,25.43,22.54,0.694,0.74,0.944,0.523,0.515
MGYP001168832448,8B4U,PET46,975.0,-2.459,False,True,0.9466,291,27.68,0.955,8B4U,PET46,27.68,0.955,0.969,289,False,25.7,25.7,23.4,22.48,27.68,27.12,23.48,0.347,0.426,0.955,0.415,0.458
MGYP001302907390,8B4U,PET46,974.0,-3.1504,False,True,0.9569,291,28.21,0.885,8B4U,PET46,28.21,0.885,0.907,273,False,25.3,25.3,22.22,24.19,28.21,23.36,20.0,0.457,0.236,0.885,0.504,0.477
MGYP003393430779,8B4U,PET46,973.0,-2.013,False,True,0.9434,259,30.89,0.929,8B4U,PET46,30.89,0.929,0.923,259,False,27.8,27.8,35.56,22.83,30.89,28.89,23.77,0.166,0.446,0.929,0.174,0.431
MGYP001401963747,8B4U,PET46,973.0,-0.9439,True,True,0.9647,252,28.08,0.952,8B4U,PET46,28.08,0.952,0.98,260,False,26.2,26.2,39.39,26.96,28.08,23.53,22.12,0.109,0.411,0.952,0.384,0.366
MGYP000398597626,8B4U,PET46,972.0,-1.3867,False,True,0.9544,244,30.2,0.903,8B4U,PET46,30.2,0.903,0.934,245,False,29.3,29.3,23.96,46.67,30.2,23.29,27.78,0.351,0.058,0.903,0.279,0.271
MGYP000033781478,8B4U,PET46,971.0,-2.282,False,True,0.9784,251,26.97,0.97,8B4U,PET46,26.97,0.97,1.0,267,False,25.9,25.9,23.14,24.24,26.97,22.45,25.0,0.449,0.457,0.97,0.368,0.447
MGYP001583139274,8B4U,PET46,970.0,-0.7628,True,True,0.9315,233,32.64,0.87,8B4U,PET46,32.64,0.87,0.953,242,False,27.9,27.9,26.74,23.88,32.64,23.4,23.91,0.317,0.45,0.87,0.329,0.466
MGYP001457125138,8B4U,PET46,970.0,-2.0298,False,True,0.9788,252,32.03,0.926,8B4U,PET46,32.03,0.926,0.937,256,False,28.4,28.4,24.35,24.38,32.03,20.61,22.79,0.4,0.721,0.926,0.806,0.504
MGYP001370717563,8B4U,PET46,969.0,-1.9764,False,True,0.9578,244,31.33,0.922,8B4U,PET46,31.33,0.922,0.943,249,False,28.4,28.4,33.9,32.26,31.33,32.65,26.32,0.223,0.225,0.922,0.19,0.424
MGYP001581250022,8B4U,PET46,970.0,-2.3545,False,True,0.9632,257,29.32,0.888,8B4U,PET46,29.32,0.888,0.911,249,False,27.9,27.9,23.21,25.0,29.32,23.26,22.68,0.408,0.368,0.888,0.314,0.351
MGYP002749846766,8B4U,PET46,969.0,-1.4232,False,True,0.9785,252,29.25,0.929,8B4U,PET46,29.25,0.929,0.948,253,False,28.8,28.8,24.62,26.02,29.25,20.54,23.48,0.468,0.442,0.929,0.841,0.431
MGYP000164278076,8B4U,PET46,968.0,-2.3811,False,True,0.921,308,28.47,0.952,8B4U,PET46,28.47,0.952,0.932,295,False,23.1,23.1,28.21,23.58,28.47,24.14,21.21,0.423,0.434,0.952,0.411,0.473
MGYP001598436016,8B4U,PET46,968.0,-2.4164,False,True,0.9778,252,32.43,0.941,8B4U,PET46,32.43,0.941,0.956,259,False,27.4,27.4,27.7,24.28,32.43,21.64,21.14,0.498,0.725,0.941,0.473,0.721
MGYP000715498019,8B4U,PET46,968.0,-1.7937,False,True,0.972,250,28.74,0.896,8B4U,PET46,28.74,0.896,0.932,247,False,25.2,25.2,24.19,27.78,28.74,35.0,38.89,0.234,0.368,0.896,0.078,0.069
MGYP001368910707,4WFI,Cut190,966.0,-0.1442,True,True,0.9236,188,64.52,0.721,4WFI,Cut190,64.52,0.721,0.989,186,False,64.5,64.5,44.68,50.0,31.82,64.52,60.96,0.706,0.713,0.242,0.721,0.714
MGYP000963275128,8B4U,PET46,968.0,-1.6348,False,True,0.9638,249,33.59,0.929,8B4U,PET46,33.59,0.929,0.9,256,False,30.8,30.8,22.61,29.52,33.59,24.79,25.42,0.419,0.349,0.929,0.415,0.42
MGYP000480366625,8B4U,PET46,967.0,-1.3891,False,True,0.953,251,32.57,0.944,8B4U,PET46,32.57,0.944,0.956,261,False,30.0,30.0,20.24,25.19,32.57,25.75,21.83,0.781,0.45,0.944,0.492,0.775
MGYP000975344424,8B4U,PET46,967.0,-0.484,True,True,0.9628,288,31.32,0.941,8B4U,PET46,31.32,0.941,0.899,265,False,29.4,29.4,26.06,34.62,31.32,24.24,25.9,0.558,0.101,0.941,0.419,0.412
MGYP000000106761,8B4U,PET46,966.0,-1.4015,False,True,0.9598,247,29.53,0.929,8B4U,PET46,29.53,0.929,0.955,254,False,27.3,27.3,29.63,21.89,29.53,21.25,21.25,0.2,0.609,0.929,0.31,0.305
MGYP002636085575,8B4U,PET46,966.0,-1.8782,False,True,0.9472,256,28.84,0.963,8B4U,PET46,28.84,0.963,0.988,267,False,27.8,27.8,30.77,34.15,28.84,24.18,22.94,0.147,0.159,0.963,0.31,0.405
MGYP000123675673,8B4U,PET46,965.0,-2.1552,False,True,0.9676,255,31.78,0.922,8B4U,PET46,31.78,0.922,0.914,258,False,27.7,27.7,21.89,30.21,31.78,26.32,28.57,0.6,0.329,0.922,0.194,0.359
MGYP001595479832,8B4U,PET46,965.0,-2.0773,False,True,0.9621,267,28.08,0.937,8B4U,PET46,28.08,0.937,0.94,260,False,25.4,25.4,37.78,23.44,28.08,28.57,25.0,0.162,0.461,0.937,0.217,0.363
MGYP001815130755,8B4U,PET46,963.0,-0.7573,True,True,0.9785,255,25.1,0.959,8B4U,PET46,25.1,0.959,0.973,263,False,23.4,23.4,21.05,25.93,25.1,28.38,25.33,0.736,0.391,0.959,0.283,0.279
MGYP002514292131,8B4U,PET46,963.0,-0.8454,True,True,0.8549,327,30.49,0.87,8B4U,PET46,30.49,0.87,0.731,246,False,26.4,26.4,18.57,26.87,30.49,26.47,25.0,0.249,0.236,0.87,0.248,0.244
MGYP003292438020,8B4U,PET46,963.0,-2.0278,False,True,0.9504,250,32.27,0.903,8B4U,PET46,32.27,0.903,0.916,251,False,28.5,28.5,21.51,25.89,32.27,22.77,22.69,0.313,0.391,0.903,0.364,0.412
MGYP000889798855,8B4U,PET46,962.0,-2.1496,False,True,0.969,246,31.94,0.959,8B4U,PET46,31.94,0.959,0.996,263,False,29.5,29.5,60.0,24.39,31.94,50.0,34.48,0.038,0.155,0.959,0.039,0.111
MGYP001606896196,8B4U,PET46,963.0,-1.8902,False,True,0.9659,252,32.81,0.903,8B4U,PET46,32.81,0.903,0.94,253,False,27.3,27.3,41.18,24.19,32.81,29.03,33.33,0.064,0.236,0.903,0.236,0.16
