estimator,calibration,snr,seed,param,stratum,n,coverage,coverage_gap,mean_width,ece,mean_pinball,mean_interval_score,alpha,nominal
reference,raw,10,0,D,all,9000,0.2193333333,-0.6806666667,0.3618677979,0.2321333333,0.2473782375,8.453273116,0.1,0.9
reference,raw,10,0,D,dstar_lo,3000,0.219,-0.681,0.3618677979,,,,0.1,0.9
reference,raw,10,0,D,dstar_mid,3000,0.225,-0.675,0.3618677979,,,,0.1,0.9
reference,raw,10,0,D,dstar_hi,3000,0.214,-0.686,0.3618677979,,,,0.1,0.9
reference,raw,10,0,f,all,9000,0.1313333333,-0.7686666667,0.07237355959,0.2505777778,0.06798806607,2.413258445,0.1,0.9
reference,raw,10,0,f,dstar_lo,3000,0.1333333333,-0.7666666667,0.07237355959,,,,0.1,0.9
reference,raw,10,0,f,dstar_mid,3000,0.1316666667,-0.7683333333,0.07237355959,,,,0.1,0.9
reference,raw,10,0,f,dstar_hi,3000,0.129,-0.771,0.07237355959,,,,0.1,0.9
reference,raw,10,0,Dstar,all,9000,0.1602222222,-0.7397777778,19.73824352,0.2757333333,21.04365253,759.163676,0.1,0.9
reference,raw,10,0,Dstar,dstar_lo,3000,0.3163333333,-0.5836666667,19.73824352,,,,0.1,0.9
reference,raw,10,0,Dstar,dstar_mid,3000,0.132,-0.768,19.73824352,,,,0.1,0.9
reference,raw,10,0,Dstar,dstar_hi,3000,0.03233333333,-0.8676666667,19.73824352,,,,0.1,0.9
reference,split,10,0,D,all,9000,0.8998888889,-0.0001111111111,2.459757952,0.03348888889,0.1808120954,3.228589491,0.1,0.9
reference,split,10,0,D,dstar_lo,3000,0.8976666667,-0.002333333333,2.459757952,,,,0.1,0.9
reference,split,10,0,D,dstar_mid,3000,0.9046666667,0.004666666667,2.459757952,,,,0.1,0.9
reference,split,10,0,D,dstar_hi,3000,0.8973333333,-0.002666666667,2.459757952,,,,0.1,0.9
reference,split,10,0,f,all,9000,0.9006666667,0.0006666666667,0.6100764716,0.03,0.0459468739,0.7275625876,0.1,0.9
reference,split,10,0,f,dstar_lo,3000,0.9013333333,0.001333333333,0.6100764716,,,,0.1,0.9
reference,split,10,0,f,dstar_mid,3000,0.906,0.006,0.6100764716,,,,0.1,0.9
reference,split,10,0,f,dstar_hi,3000,0.8946666667,-0.005333333333,0.6100764716,,,,0.1,0.9
reference,split,10,0,Dstar,all,9000,0.8926666667,-0.007333333333,211.0510533,0.08464444444,15.46182927,303.8730113,0.1,0.9
reference,split,10,0,Dstar,dstar_lo,3000,0.8916666667,-0.008333333333,211.0510533,,,,0.1,0.9
reference,split,10,0,Dstar,dstar_mid,3000,0.8736666667,-0.02633333333,211.0510533,,,,0.1,0.9
reference,split,10,0,Dstar,dstar_hi,3000,0.9126666667,0.01266666667,211.0510533,,,,0.1,0.9
reference,CQR,10,0,D,all,9000,0.8998888889,-0.0001111111111,2.459757952,0.03348888889,0.1808120954,3.228589491,0.1,0.9
reference,CQR,10,0,D,dstar_lo,3000,0.8976666667,-0.002333333333,2.459757952,,,,0.1,0.9
reference,CQR,10,0,D,dstar_mid,3000,0.9046666667,0.004666666667,2.459757952,,,,0.1,0.9
reference,CQR,10,0,D,dstar_hi,3000,0.8973333333,-0.002666666667,2.459757952,,,,0.1,0.9
reference,CQR,10,0,f,all,9000,0.9006666667,0.0006666666667,0.6100764716,0.03,0.0459468739,0.7275625876,0.1,0.9
reference,CQR,10,0,f,dstar_lo,3000,0.9013333333,0.001333333333,0.6100764716,,,,0.1,0.9
reference,CQR,10,0,f,dstar_mid,3000,0.906,0.006,0.6100764716,,,,0.1,0.9
reference,CQR,10,0,f,dstar_hi,3000,0.8946666667,-0.005333333333,0.6100764716,,,,0.1,0.9
reference,CQR,10,0,Dstar,all,9000,0.8926666667,-0.007333333333,211.0510533,0.08464444444,15.46182927,303.8730113,0.1,0.9
reference,CQR,10,0,Dstar,dstar_lo,3000,0.8916666667,-0.008333333333,211.0510533,,,,0.1,0.9
reference,CQR,10,0,Dstar,dstar_mid,3000,0.8736666667,-0.02633333333,211.0510533,,,,0.1,0.9
reference,CQR,10,0,Dstar,dstar_hi,3000,0.9126666667,0.01266666667,211.0510533,,,,0.1,0.9
reference,Mondrian,10,0,D,all,9000,0.9021111111,0.002111111111,2.480025124,0.03355555556,0.1808370992,3.231264657,0.1,0.9
reference,Mondrian,10,0,D,dstar_lo,3000,0.8986666667,-0.001333333333,2.465322914,,,,0.1,0.9
reference,Mondrian,10,0,D,dstar_mid,3000,0.9126666667,0.01266666667,2.541186355,,,,0.1,0.9
reference,Mondrian,10,0,D,dstar_hi,3000,0.895,-0.005,2.433566102,,,,0.1,0.9
reference,Mondrian,10,0,f,all,9000,0.9032222222,0.003222222222,0.6131691607,0.02991111111,0.04595218465,0.728233937,0.1,0.9
reference,Mondrian,10,0,f,dstar_lo,3000,0.9033333333,0.003333333333,0.6127714502,,,,0.1,0.9
reference,Mondrian,10,0,f,dstar_mid,3000,0.915,0.015,0.6239482728,,,,0.1,0.9
reference,Mondrian,10,0,f,dstar_hi,3000,0.8913333333,-0.008666666667,0.6027877592,,,,0.1,0.9
reference,Mondrian,10,0,Dstar,all,9000,0.8932222222,-0.006777777778,224.75271,0.07751111111,14.66682784,301.1772231,0.1,0.9
reference,Mondrian,10,0,Dstar,dstar_lo,3000,0.8946666667,-0.005333333333,216.1349874,,,,0.1,0.9
reference,Mondrian,10,0,Dstar,dstar_mid,3000,0.8973333333,-0.002666666667,264.3774324,,,,0.1,0.9
reference,Mondrian,10,0,Dstar,dstar_hi,3000,0.8876666667,-0.01233333333,193.74571,,,,0.1,0.9
reference,raw,10,1,D,all,9000,0.2218888889,-0.6781111111,0.3618677979,0.2308888889,0.2469417436,8.434945826,0.1,0.9
reference,raw,10,1,D,dstar_lo,3000,0.2186666667,-0.6813333333,0.3618677979,,,,0.1,0.9
reference,raw,10,1,D,dstar_mid,3000,0.2193333333,-0.6806666667,0.3618677979,,,,0.1,0.9
reference,raw,10,1,D,dstar_hi,3000,0.2276666667,-0.6723333333,0.3618677979,,,,0.1,0.9
reference,raw,10,1,f,all,9000,0.1217777778,-0.7782222222,0.07237355959,0.2483333333,0.06890784207,2.448920711,0.1,0.9
reference,raw,10,1,f,dstar_lo,3000,0.122,-0.778,0.07237355959,,,,0.1,0.9
reference,raw,10,1,f,dstar_mid,3000,0.1226666667,-0.7773333333,0.07237355959,,,,0.1,0.9
reference,raw,10,1,f,dstar_hi,3000,0.1206666667,-0.7793333333,0.07237355959,,,,0.1,0.9
reference,raw,10,1,Dstar,all,9000,0.1568888889,-0.7431111111,19.73824352,0.2767111111,21.05631202,759.4487988,0.1,0.9
reference,raw,10,1,Dstar,dstar_lo,3000,0.3046666667,-0.5953333333,19.73824352,,,,0.1,0.9
reference,raw,10,1,Dstar,dstar_mid,3000,0.1416666667,-0.7583333333,19.73824352,,,,0.1,0.9
reference,raw,10,1,Dstar,dstar_hi,3000,0.02433333333,-0.8756666667,19.73824352,,,,0.1,0.9
reference,split,10,1,D,all,9000,0.8972222222,-0.002777777778,2.457556795,0.03153333333,0.1809453407,3.255826824,0.1,0.9
reference,split,10,1,D,dstar_lo,3000,0.897,-0.003,2.457556795,,,,0.1,0.9
reference,split,10,1,D,dstar_mid,3000,0.8943333333,-0.005666666667,2.457556795,,,,0.1,0.9
reference,split,10,1,D,dstar_hi,3000,0.9003333333,0.0003333333333,2.457556795,,,,0.1,0.9
reference,split,10,1,f,all,9000,0.8953333333,-0.004666666667,0.6103045355,0.02562222222,0.04648506536,0.7391987089,0.1,0.9
reference,split,10,1,f,dstar_lo,3000,0.896,-0.004,0.6103045355,,,,0.1,0.9
reference,split,10,1,f,dstar_mid,3000,0.897,-0.003,0.6103045355,,,,0.1,0.9
reference,split,10,1,f,dstar_hi,3000,0.893,-0.007,0.6103045355,,,,0.1,0.9
reference,split,10,1,Dstar,all,9000,0.8945555556,-0.005444444444,211.043673,0.08688888889,15.44940051,302.6179221,0.1,0.9
reference,split,10,1,Dstar,dstar_lo,3000,0.8963333333,-0.003666666667,211.043673,,,,0.1,0.9
reference,split,10,1,Dstar,dstar_mid,3000,0.8723333333,-0.02766666667,211.043673,,,,0.1,0.9
reference,split,10,1,Dstar,dstar_hi,3000,0.915,0.015,211.043673,,,,0.1,0.9
reference,CQR,10,1,D,all,9000,0.8972222222,-0.002777777778,2.457556795,0.03153333333,0.1809453407,3.255826824,0.1,0.9
reference,CQR,10,1,D,dstar_lo,3000,0.897,-0.003,2.457556795,,,,0.1,0.9
reference,CQR,10,1,D,dstar_mid,3000,0.8943333333,-0.005666666667,2.457556795,,,,0.1,0.9
reference,CQR,10,1,D,dstar_hi,3000,0.9003333333,0.0003333333333,2.457556795,,,,0.1,0.9
reference,CQR,10,1,f,all,9000,0.8953333333,-0.004666666667,0.6103045355,0.02562222222,0.04648506536,0.7391987089,0.1,0.9
reference,CQR,10,1,f,dstar_lo,3000,0.896,-0.004,0.6103045355,,,,0.1,0.9
reference,CQR,10,1,f,dstar_mid,3000,0.897,-0.003,0.6103045355,,,,0.1,0.9
reference,CQR,10,1,f,dstar_hi,3000,0.893,-0.007,0.6103045355,,,,0.1,0.9
reference,CQR,10,1,Dstar,all,9000,0.8945555556,-0.005444444444,211.043673,0.08688888889,15.44940051,302.6179221,0.1,0.9
reference,CQR,10,1,Dstar,dstar_lo,3000,0.8963333333,-0.003666666667,211.043673,,,,0.1,0.9
reference,CQR,10,1,Dstar,dstar_mid,3000,0.8723333333,-0.02766666667,211.043673,,,,0.1,0.9
reference,CQR,10,1,Dstar,dstar_hi,3000,0.915,0.015,211.043673,,,,0.1,0.9
reference,Mondrian,10,1,D,all,9000,0.8984444444,-0.001555555556,2.467962245,0.03155555556,0.1809497473,3.255518735,0.1,0.9
reference,Mondrian,10,1,D,dstar_lo,3000,0.8963333333,-0.003666666667,2.432645007,,,,0.1,0.9
reference,Mondrian,10,1,D,dstar_mid,3000,0.8976666667,-0.002333333333,2.503455628,,,,0.1,0.9
reference,Mondrian,10,1,D,dstar_hi,3000,0.9013333333,0.001333333333,2.467786101,,,,0.1,0.9
reference,Mondrian,10,1,f,all,9000,0.8941111111,-0.005888888889,0.6082115469,0.02591111111,0.04648772636,0.7394136678,0.1,0.9
reference,Mondrian,10,1,f,dstar_lo,3000,0.9003333333,0.0003333333333,0.6149299384,,,,0.1,0.9
reference,Mondrian,10,1,f,dstar_mid,3000,0.889,-0.011,0.5989173233,,,,0.1,0.9
reference,Mondrian,10,1,f,dstar_hi,3000,0.893,-0.007,0.610787379,,,,0.1,0.9
reference,Mondrian,10,1,Dstar,all,9000,0.8974444444,-0.002555555556,222.3877832,0.0812,14.65423206,300.2832396,0.1,0.9
reference,Mondrian,10,1,Dstar,dstar_lo,3000,0.8926666667,-0.007333333333,204.5157075,,,,0.1,0.9
reference,Mondrian,10,1,Dstar,dstar_mid,3000,0.9026666667,0.002666666667,266.7657088,,,,0.1,0.9
reference,Mondrian,10,1,Dstar,dstar_hi,3000,0.897,-0.003,195.8819334,,,,0.1,0.9
reference,raw,10,2,D,all,9000,0.2284444444,-0.6715555556,0.3618677979,0.2283111111,0.2457779918,8.399461283,0.1,0.9
reference,raw,10,2,D,dstar_lo,3000,0.235,-0.665,0.3618677979,,,,0.1,0.9
reference,raw,10,2,D,dstar_mid,3000,0.233,-0.667,0.3618677979,,,,0.1,0.9
reference,raw,10,2,D,dstar_hi,3000,0.2173333333,-0.6826666667,0.3618677979,,,,0.1,0.9
reference,raw,10,2,f,all,9000,0.1264444444,-0.7735555556,0.07237355959,0.2488888889,0.06813921795,2.418596266,0.1,0.9
reference,raw,10,2,f,dstar_lo,3000,0.1266666667,-0.7733333333,0.07237355959,,,,0.1,0.9
reference,raw,10,2,f,dstar_mid,3000,0.1296666667,-0.7703333333,0.07237355959,,,,0.1,0.9
reference,raw,10,2,f,dstar_hi,3000,0.123,-0.777,0.07237355959,,,,0.1,0.9
reference,raw,10,2,Dstar,all,9000,0.1482222222,-0.7517777778,19.73824352,0.2801555556,21.21182152,765.3109597,0.1,0.9
reference,raw,10,2,Dstar,dstar_lo,3000,0.303,-0.597,19.73824352,,,,0.1,0.9
reference,raw,10,2,Dstar,dstar_mid,3000,0.116,-0.784,19.73824352,,,,0.1,0.9
reference,raw,10,2,Dstar,dstar_hi,3000,0.02566666667,-0.8743333333,19.73824352,,,,0.1,0.9
reference,split,10,2,D,all,9000,0.9016666667,0.001666666667,2.472335162,0.03202222222,0.1803190096,3.254167797,0.1,0.9
reference,split,10,2,D,dstar_lo,3000,0.905,0.005,2.472335162,,,,0.1,0.9
reference,split,10,2,D,dstar_mid,3000,0.8973333333,-0.002666666667,2.472335162,,,,0.1,0.9
reference,split,10,2,D,dstar_hi,3000,0.9026666667,0.002666666667,2.472335162,,,,0.1,0.9
reference,split,10,2,f,all,9000,0.9067777778,0.006777777778,0.6153432311,0.02435555556,0.04595453798,0.7274206236,0.1,0.9
reference,split,10,2,f,dstar_lo,3000,0.917,0.017,0.6153432311,,,,0.1,0.9
reference,split,10,2,f,dstar_mid,3000,0.9006666667,0.0006666666667,0.6153432311,,,,0.1,0.9
reference,split,10,2,f,dstar_hi,3000,0.9026666667,0.002666666667,0.6153432311,,,,0.1,0.9
reference,split,10,2,Dstar,all,9000,0.8997777778,-0.0002222222222,217.6318121,0.08393333333,15.49259523,302.3902404,0.1,0.9
reference,split,10,2,Dstar,dstar_lo,3000,0.8983333333,-0.001666666667,217.6318121,,,,0.1,0.9
reference,split,10,2,Dstar,dstar_mid,3000,0.877,-0.023,217.6318121,,,,0.1,0.9
reference,split,10,2,Dstar,dstar_hi,3000,0.924,0.024,217.6318121,,,,0.1,0.9
reference,CQR,10,2,D,all,9000,0.9016666667,0.001666666667,2.472335162,0.03202222222,0.1803190096,3.254167797,0.1,0.9
reference,CQR,10,2,D,dstar_lo,3000,0.905,0.005,2.472335162,,,,0.1,0.9
reference,CQR,10,2,D,dstar_mid,3000,0.8973333333,-0.002666666667,2.472335162,,,,0.1,0.9
reference,CQR,10,2,D,dstar_hi,3000,0.9026666667,0.002666666667,2.472335162,,,,0.1,0.9
reference,CQR,10,2,f,all,9000,0.9067777778,0.006777777778,0.6153432311,0.02435555556,0.04595453798,0.7274206236,0.1,0.9
reference,CQR,10,2,f,dstar_lo,3000,0.917,0.017,0.6153432311,,,,0.1,0.9
reference,CQR,10,2,f,dstar_mid,3000,0.9006666667,0.0006666666667,0.6153432311,,,,0.1,0.9
reference,CQR,10,2,f,dstar_hi,3000,0.9026666667,0.002666666667,0.6153432311,,,,0.1,0.9
reference,CQR,10,2,Dstar,all,9000,0.8997777778,-0.0002222222222,217.6318121,0.08393333333,15.49259523,302.3902404,0.1,0.9
reference,CQR,10,2,Dstar,dstar_lo,3000,0.8983333333,-0.001666666667,217.6318121,,,,0.1,0.9
reference,CQR,10,2,Dstar,dstar_mid,3000,0.877,-0.023,217.6318121,,,,0.1,0.9
reference,CQR,10,2,Dstar,dstar_hi,3000,0.924,0.024,217.6318121,,,,0.1,0.9
reference,Mondrian,10,2,D,all,9000,0.902,0.002,2.47848203,0.03211111111,0.1803284073,3.254899805,0.1,0.9
reference,Mondrian,10,2,D,dstar_lo,3000,0.8983333333,-0.001666666667,2.412690994,,,,0.1,0.9
reference,Mondrian,10,2,D,dstar_mid,3000,0.8983333333,-0.001666666667,2.49252628,,,,0.1,0.9
reference,Mondrian,10,2,D,dstar_hi,3000,0.9093333333,0.009333333333,2.530228817,,,,0.1,0.9
reference,Mondrian,10,2,f,all,9000,0.9078888889,0.007888888889,0.6158081969,0.02382222222,0.04596147198,0.727825214,0.1,0.9
reference,Mondrian,10,2,f,dstar_lo,3000,0.92,0.02,0.6191597277,,,,0.1,0.9
reference,Mondrian,10,2,f,dstar_mid,3000,0.897,-0.003,0.6048981342,,,,0.1,0.9
reference,Mondrian,10,2,f,dstar_hi,3000,0.9066666667,0.006666666667,0.6233667289,,,,0.1,0.9
reference,Mondrian,10,2,Dstar,all,9000,0.8975555556,-0.002444444444,224.7792309,0.07917777778,14.70587118,299.5809908,0.1,0.9
reference,Mondrian,10,2,Dstar,dstar_lo,3000,0.8936666667,-0.006333333333,209.6362542,,,,0.1,0.9
reference,Mondrian,10,2,Dstar,dstar_mid,3000,0.903,0.003,270.5317389,,,,0.1,0.9
reference,Mondrian,10,2,Dstar,dstar_hi,3000,0.896,-0.004,194.1696995,,,,0.1,0.9
reference,raw,20,0,D,all,9000,0.4113333333,-0.4886666667,0.3618677979,0.1661333333,0.1245339393,3.729426113,0.1,0.9
reference,raw,20,0,D,dstar_lo,3000,0.421,-0.479,0.3618677979,,,,0.1,0.9
reference,raw,20,0,D,dstar_mid,3000,0.4103333333,-0.4896666667,0.3618677979,,,,0.1,0.9
reference,raw,20,0,D,dstar_hi,3000,0.4026666667,-0.4973333333,0.3618677979,,,,0.1,0.9
reference,raw,20,0,f,all,9000,0.2388888889,-0.6611111111,0.07237355959,0.2130666667,0.03963438436,1.300488637,0.1,0.9
reference,raw,20,0,f,dstar_lo,3000,0.2426666667,-0.6573333333,0.07237355959,,,,0.1,0.9
reference,raw,20,0,f,dstar_mid,3000,0.2346666667,-0.6653333333,0.07237355959,,,,0.1,0.9
reference,raw,20,0,f,dstar_hi,3000,0.2393333333,-0.6606666667,0.07237355959,,,,0.1,0.9
reference,raw,20,0,Dstar,all,9000,0.2332222222,-0.6667777778,19.73824352,0.2396,19.63864746,707.371906,0.1,0.9
reference,raw,20,0,Dstar,dstar_lo,3000,0.4623333333,-0.4376666667,19.73824352,,,,0.1,0.9
reference,raw,20,0,Dstar,dstar_mid,3000,0.1973333333,-0.7026666667,19.73824352,,,,0.1,0.9
reference,raw,20,0,Dstar,dstar_hi,3000,0.04,-0.86,19.73824352,,,,0.1,0.9
reference,split,20,0,D,all,9000,0.9003333333,0.0003333333333,1.357765609,0.01042222222,0.1018368844,1.93859512,0.1,0.9
reference,split,20,0,D,dstar_lo,3000,0.903,0.003,1.357765609,,,,0.1,0.9
reference,split,20,0,D,dstar_mid,3000,0.9013333333,0.001333333333,1.357765609,,,,0.1,0.9
reference,split,20,0,D,dstar_hi,3000,0.8966666667,-0.003333333333,1.357765609,,,,0.1,0.9
reference,split,20,0,f,all,9000,0.899,-0.001,0.3842111347,0.004644444444,0.02906310919,0.4924451106,0.1,0.9
reference,split,20,0,f,dstar_lo,3000,0.895,-0.005,0.3842111347,,,,0.1,0.9
reference,split,20,0,f,dstar_mid,3000,0.904,0.004,0.3842111347,,,,0.1,0.9
reference,split,20,0,f,dstar_hi,3000,0.898,-0.002,0.3842111347,,,,0.1,0.9
reference,split,20,0,Dstar,all,9000,0.9027777778,0.002777777778,226.4170306,0.05562222222,14.73540499,291.2618964,0.1,0.9
reference,split,20,0,Dstar,dstar_lo,3000,0.9186666667,0.01866666667,226.4170306,,,,0.1,0.9
reference,split,20,0,Dstar,dstar_mid,3000,0.863,-0.037,226.4170306,,,,0.1,0.9
reference,split,20,0,Dstar,dstar_hi,3000,0.9266666667,0.02666666667,226.4170306,,,,0.1,0.9
reference,CQR,20,0,D,all,9000,0.9003333333,0.0003333333333,1.357765609,0.01042222222,0.1018368844,1.93859512,0.1,0.9
reference,CQR,20,0,D,dstar_lo,3000,0.903,0.003,1.357765609,,,,0.1,0.9
reference,CQR,20,0,D,dstar_mid,3000,0.9013333333,0.001333333333,1.357765609,,,,0.1,0.9
reference,CQR,20,0,D,dstar_hi,3000,0.8966666667,-0.003333333333,1.357765609,,,,0.1,0.9
reference,CQR,20,0,f,all,9000,0.899,-0.001,0.3842111347,0.004644444444,0.02906310919,0.4924451106,0.1,0.9
reference,CQR,20,0,f,dstar_lo,3000,0.895,-0.005,0.3842111347,,,,0.1,0.9
reference,CQR,20,0,f,dstar_mid,3000,0.904,0.004,0.3842111347,,,,0.1,0.9
reference,CQR,20,0,f,dstar_hi,3000,0.898,-0.002,0.3842111347,,,,0.1,0.9
reference,CQR,20,0,Dstar,all,9000,0.9027777778,0.002777777778,226.4170306,0.05562222222,14.73540499,291.2618964,0.1,0.9
reference,CQR,20,0,Dstar,dstar_lo,3000,0.9186666667,0.01866666667,226.4170306,,,,0.1,0.9
reference,CQR,20,0,Dstar,dstar_mid,3000,0.863,-0.037,226.4170306,,,,0.1,0.9
reference,CQR,20,0,Dstar,dstar_hi,3000,0.9266666667,0.02666666667,226.4170306,,,,0.1,0.9
reference,Mondrian,20,0,D,all,9000,0.9015555556,0.001555555556,1.363005776,0.01051111111,0.1018508342,1.939822002,0.1,0.9
reference,Mondrian,20,0,D,dstar_lo,3000,0.898,-0.002,1.333927491,,,,0.1,0.9
reference,Mondrian,20,0,D,dstar_mid,3000,0.9116666667,0.01166666667,1.408640682,,,,0.1,0.9
reference,Mondrian,20,0,D,dstar_hi,3000,0.895,-0.005,1.346449154,,,,0.1,0.9
reference,Mondrian,20,0,f,all,9000,0.9004444444,0.0004444444444,0.3863055469,0.004977777778,0.02906301283,0.4923639409,0.1,0.9
reference,Mondrian,20,0,f,dstar_lo,3000,0.8976666667,-0.002333333333,0.3877537483,,,,0.1,0.9
reference,Mondrian,20,0,f,dstar_mid,3000,0.9016666667,0.001666666667,0.3813684344,,,,0.1,0.9
reference,Mondrian,20,0,f,dstar_hi,3000,0.902,0.002,0.3897944582,,,,0.1,0.9
reference,Mondrian,20,0,Dstar,all,9000,0.9036666667,0.003666666667,220.1130346,0.05115555556,13.98365677,285.1854413,0.1,0.9
reference,Mondrian,20,0,Dstar,dstar_lo,3000,0.8933333333,-0.006666666667,159.7762172,,,,0.1,0.9
reference,Mondrian,20,0,Dstar,dstar_mid,3000,0.8973333333,-0.002666666667,279.946984,,,,0.1,0.9
reference,Mondrian,20,0,Dstar,dstar_hi,3000,0.9203333333,0.02033333333,220.6159026,,,,0.1,0.9
reference,raw,20,1,D,all,9000,0.4082222222,-0.4917777778,0.3618677979,0.1672444444,0.1253975398,3.75916246,0.1,0.9
reference,raw,20,1,D,dstar_lo,3000,0.422,-0.478,0.3618677979,,,,0.1,0.9
reference,raw,20,1,D,dstar_mid,3000,0.4096666667,-0.4903333333,0.3618677979,,,,0.1,0.9
reference,raw,20,1,D,dstar_hi,3000,0.393,-0.507,0.3618677979,,,,0.1,0.9
reference,raw,20,1,f,all,9000,0.2303333333,-0.6696666667,0.07237355959,0.2161333333,0.04001680033,1.314067475,0.1,0.9
reference,raw,20,1,f,dstar_lo,3000,0.2366666667,-0.6633333333,0.07237355959,,,,0.1,0.9
reference,raw,20,1,f,dstar_mid,3000,0.2306666667,-0.6693333333,0.07237355959,,,,0.1,0.9
reference,raw,20,1,f,dstar_hi,3000,0.2236666667,-0.6763333333,0.07237355959,,,,0.1,0.9
reference,raw,20,1,Dstar,all,9000,0.2358888889,-0.6641111111,19.73824352,0.2411111111,19.57015523,704.6629993,0.1,0.9
reference,raw,20,1,Dstar,dstar_lo,3000,0.4593333333,-0.4406666667,19.73824352,,,,0.1,0.9
reference,raw,20,1,Dstar,dstar_mid,3000,0.2073333333,-0.6926666667,19.73824352,,,,0.1,0.9
reference,raw,20,1,Dstar,dstar_hi,3000,0.041,-0.859,19.73824352,,,,0.1,0.9
reference,split,20,1,D,all,9000,0.9093333333,0.009333333333,1.436355545,0.01171111111,0.1024560628,1.951257857,0.1,0.9
reference,split,20,1,D,dstar_lo,3000,0.917,0.017,1.436355545,,,,0.1,0.9
reference,split,20,1,D,dstar_mid,3000,0.914,0.014,1.436355545,,,,0.1,0.9
reference,split,20,1,D,dstar_hi,3000,0.897,-0.003,1.436355545,,,,0.1,0.9
reference,split,20,1,f,all,9000,0.9062222222,0.006222222222,0.3961464294,0.004577777778,0.02927581119,0.4977060045,0.1,0.9
reference,split,20,1,f,dstar_lo,3000,0.9126666667,0.01266666667,0.3961464294,,,,0.1,0.9
reference,split,20,1,f,dstar_mid,3000,0.904,0.004,0.3961464294,,,,0.1,0.9
reference,split,20,1,f,dstar_hi,3000,0.902,0.002,0.3961464294,,,,0.1,0.9
reference,split,20,1,Dstar,all,9000,0.9057777778,0.005777777778,232.7586272,0.05673333333,14.70914153,291.9435952,0.1,0.9
reference,split,20,1,Dstar,dstar_lo,3000,0.9216666667,0.02166666667,232.7586272,,,,0.1,0.9
reference,split,20,1,Dstar,dstar_mid,3000,0.8696666667,-0.03033333333,232.7586272,,,,0.1,0.9
reference,split,20,1,Dstar,dstar_hi,3000,0.926,0.026,232.7586272,,,,0.1,0.9
reference,CQR,20,1,D,all,9000,0.9093333333,0.009333333333,1.436355545,0.01171111111,0.1024560628,1.951257857,0.1,0.9
reference,CQR,20,1,D,dstar_lo,3000,0.917,0.017,1.436355545,,,,0.1,0.9
reference,CQR,20,1,D,dstar_mid,3000,0.914,0.014,1.436355545,,,,0.1,0.9
reference,CQR,20,1,D,dstar_hi,3000,0.897,-0.003,1.436355545,,,,0.1,0.9
reference,CQR,20,1,f,all,9000,0.9062222222,0.006222222222,0.3961464294,0.004577777778,0.02927581119,0.4977060045,0.1,0.9
reference,CQR,20,1,f,dstar_lo,3000,0.9126666667,0.01266666667,0.3961464294,,,,0.1,0.9
reference,CQR,20,1,f,dstar_mid,3000,0.904,0.004,0.3961464294,,,,0.1,0.9
reference,CQR,20,1,f,dstar_hi,3000,0.902,0.002,0.3961464294,,,,0.1,0.9
reference,CQR,20,1,Dstar,all,9000,0.9057777778,0.005777777778,232.7586272,0.05673333333,14.70914153,291.9435952,0.1,0.9
reference,CQR,20,1,Dstar,dstar_lo,3000,0.9216666667,0.02166666667,232.7586272,,,,0.1,0.9
reference,CQR,20,1,Dstar,dstar_mid,3000,0.8696666667,-0.03033333333,232.7586272,,,,0.1,0.9
reference,CQR,20,1,Dstar,dstar_hi,3000,0.926,0.026,232.7586272,,,,0.1,0.9
reference,Mondrian,20,1,D,all,9000,0.9092222222,0.009222222222,1.434406661,0.01188888889,0.1024844105,1.952148705,0.1,0.9
reference,Mondrian,20,1,D,dstar_lo,3000,0.918,0.018,1.442090165,,,,0.1,0.9
reference,Mondrian,20,1,D,dstar_mid,3000,0.9156666667,0.01566666667,1.443025186,,,,0.1,0.9
reference,Mondrian,20,1,D,dstar_hi,3000,0.894,-0.006,1.418104632,,,,0.1,0.9
reference,Mondrian,20,1,f,all,9000,0.9067777778,0.006777777778,0.3981569925,0.004266666667,0.02929121302,0.4981903363,0.1,0.9
reference,Mondrian,20,1,f,dstar_lo,3000,0.918,0.018,0.4058235755,,,,0.1,0.9
reference,Mondrian,20,1,f,dstar_mid,3000,0.9,0,0.3918440159,,,,0.1,0.9
reference,Mondrian,20,1,f,dstar_hi,3000,0.9023333333,0.002333333333,0.396803386,,,,0.1,0.9
reference,Mondrian,20,1,Dstar,all,9000,0.9073333333,0.007333333333,222.6578716,0.05215555556,13.97196865,286.7072028,0.1,0.9
reference,Mondrian,20,1,Dstar,dstar_lo,3000,0.8966666667,-0.003333333333,161.5431841,,,,0.1,0.9
reference,Mondrian,20,1,Dstar,dstar_mid,3000,0.9166666667,0.01666666667,288.3129837,,,,0.1,0.9
reference,Mondrian,20,1,Dstar,dstar_hi,3000,0.9086666667,0.008666666667,218.1174471,,,,0.1,0.9
reference,raw,20,2,D,all,9000,0.4137777778,-0.4862222222,0.3618677979,0.1639777778,0.1260215739,3.80345708,0.1,0.9
reference,raw,20,2,D,dstar_lo,3000,0.415,-0.485,0.3618677979,,,,0.1,0.9
reference,raw,20,2,D,dstar_mid,3000,0.4073333333,-0.4926666667,0.3618677979,,,,0.1,0.9
reference,raw,20,2,D,dstar_hi,3000,0.419,-0.481,0.3618677979,,,,0.1,0.9
reference,raw,20,2,f,all,9000,0.2484444444,-0.6515555556,0.07237355959,0.2108666667,0.03940061329,1.292932068,0.1,0.9
reference,raw,20,2,f,dstar_lo,3000,0.2326666667,-0.6673333333,0.07237355959,,,,0.1,0.9
reference,raw,20,2,f,dstar_mid,3000,0.251,-0.649,0.07237355959,,,,0.1,0.9
reference,raw,20,2,f,dstar_hi,3000,0.2616666667,-0.6383333333,0.07237355959,,,,0.1,0.9
reference,raw,20,2,Dstar,all,9000,0.2307777778,-0.6692222222,19.73824352,0.2411777778,19.55074598,703.4658227,0.1,0.9
reference,raw,20,2,Dstar,dstar_lo,3000,0.4443333333,-0.4556666667,19.73824352,,,,0.1,0.9
reference,raw,20,2,Dstar,dstar_mid,3000,0.203,-0.697,19.73824352,,,,0.1,0.9
reference,raw,20,2,Dstar,dstar_hi,3000,0.045,-0.855,19.73824352,,,,0.1,0.9
reference,split,20,2,D,all,9000,0.899,-0.001,1.382049288,0.01157777778,0.1034841405,2.004556691,0.1,0.9
reference,split,20,2,D,dstar_lo,3000,0.894,-0.006,1.382049288,,,,0.1,0.9
reference,split,20,2,D,dstar_mid,3000,0.9046666667,0.004666666667,1.382049288,,,,0.1,0.9
reference,split,20,2,D,dstar_hi,3000,0.8983333333,-0.001666666667,1.382049288,,,,0.1,0.9
reference,split,20,2,f,all,9000,0.9004444444,0.0004444444444,0.3894795708,0.006355555556,0.02910850532,0.4987862864,0.1,0.9
reference,split,20,2,f,dstar_lo,3000,0.8926666667,-0.007333333333,0.3894795708,,,,0.1,0.9
reference,split,20,2,f,dstar_mid,3000,0.9043333333,0.004333333333,0.3894795708,,,,0.1,0.9
reference,split,20,2,f,dstar_hi,3000,0.9043333333,0.004333333333,0.3894795708,,,,0.1,0.9
reference,split,20,2,Dstar,all,9000,0.8998888889,-0.0001111111111,226.0023273,0.05653333333,14.70174861,293.0075762,0.1,0.9
reference,split,20,2,Dstar,dstar_lo,3000,0.9213333333,0.02133333333,226.0023273,,,,0.1,0.9
reference,split,20,2,Dstar,dstar_mid,3000,0.864,-0.036,226.0023273,,,,0.1,0.9
reference,split,20,2,Dstar,dstar_hi,3000,0.9143333333,0.01433333333,226.0023273,,,,0.1,0.9
reference,CQR,20,2,D,all,9000,0.899,-0.001,1.382049288,0.01157777778,0.1034841405,2.004556691,0.1,0.9
reference,CQR,20,2,D,dstar_lo,3000,0.894,-0.006,1.382049288,,,,0.1,0.9
reference,CQR,20,2,D,dstar_mid,3000,0.9046666667,0.004666666667,1.382049288,,,,0.1,0.9
reference,CQR,20,2,D,dstar_hi,3000,0.8983333333,-0.001666666667,1.382049288,,,,0.1,0.9
reference,CQR,20,2,f,all,9000,0.9004444444,0.0004444444444,0.3894795708,0.006355555556,0.02910850532,0.4987862864,0.1,0.9
reference,CQR,20,2,f,dstar_lo,3000,0.8926666667,-0.007333333333,0.3894795708,,,,0.1,0.9
reference,CQR,20,2,f,dstar_mid,3000,0.9043333333,0.004333333333,0.3894795708,,,,0.1,0.9
reference,CQR,20,2,f,dstar_hi,3000,0.9043333333,0.004333333333,0.3894795708,,,,0.1,0.9
reference,CQR,20,2,Dstar,all,9000,0.8998888889,-0.0001111111111,226.0023273,0.05653333333,14.70174861,293.0075762,0.1,0.9
reference,CQR,20,2,Dstar,dstar_lo,3000,0.9213333333,0.02133333333,226.0023273,,,,0.1,0.9
reference,CQR,20,2,Dstar,dstar_mid,3000,0.864,-0.036,226.0023273,,,,0.1,0.9
reference,CQR,20,2,Dstar,dstar_hi,3000,0.9143333333,0.01433333333,226.0023273,,,,0.1,0.9
reference,Mondrian,20,2,D,all,9000,0.9015555556,0.001555555556,1.395334738,0.0118,0.1034988235,2.004030856,0.1,0.9
reference,Mondrian,20,2,D,dstar_lo,3000,0.902,0.002,1.426846487,,,,0.1,0.9
reference,Mondrian,20,2,D,dstar_mid,3000,0.9026666667,0.002666666667,1.363895625,,,,0.1,0.9
reference,Mondrian,20,2,D,dstar_hi,3000,0.9,0,1.395262102,,,,0.1,0.9
reference,Mondrian,20,2,f,all,9000,0.9012222222,0.001222222222,0.3919190328,0.006022222222,0.02911690712,0.4992186557,0.1,0.9
reference,Mondrian,20,2,f,dstar_lo,3000,0.9113333333,0.01133333333,0.4152629438,,,,0.1,0.9
reference,Mondrian,20,2,f,dstar_mid,3000,0.9046666667,0.004666666667,0.389846752,,,,0.1,0.9
reference,Mondrian,20,2,f,dstar_hi,3000,0.8876666667,-0.01233333333,0.3706474027,,,,0.1,0.9
reference,Mondrian,20,2,Dstar,all,9000,0.8986666667,-0.001333333333,221.3678149,0.05266666667,13.98268549,287.3506718,0.1,0.9
reference,Mondrian,20,2,Dstar,dstar_lo,3000,0.901,0.001,172.7576118,,,,0.1,0.9
reference,Mondrian,20,2,Dstar,dstar_mid,3000,0.904,0.004,282.5599873,,,,0.1,0.9
reference,Mondrian,20,2,Dstar,dstar_hi,3000,0.891,-0.009,208.7858455,,,,0.1,0.9
reference,raw,40,0,D,all,9000,0.6792222222,-0.2207777778,0.3618677979,0.07944444444,0.05670103727,1.327535046,0.1,0.9
reference,raw,40,0,D,dstar_lo,3000,0.6626666667,-0.2373333333,0.3618677979,,,,0.1,0.9
reference,raw,40,0,D,dstar_mid,3000,0.6783333333,-0.2216666667,0.3618677979,,,,0.1,0.9
reference,raw,40,0,D,dstar_hi,3000,0.6966666667,-0.2033333333,0.3618677979,,,,0.1,0.9
reference,raw,40,0,f,all,9000,0.4424444444,-0.4575555556,0.07237355959,0.1591111111,0.01995267705,0.5548562033,0.1,0.9
reference,raw,40,0,f,dstar_lo,3000,0.412,-0.488,0.07237355959,,,,0.1,0.9
reference,raw,40,0,f,dstar_mid,3000,0.45,-0.45,0.07237355959,,,,0.1,0.9
reference,raw,40,0,f,dstar_hi,3000,0.4653333333,-0.4346666667,0.07237355959,,,,0.1,0.9
reference,raw,40,0,Dstar,all,9000,0.3536666667,-0.5463333333,19.73824352,0.1839777778,16.77378564,600.4717258,0.1,0.9
reference,raw,40,0,Dstar,dstar_lo,3000,0.6366666667,-0.2633333333,19.73824352,,,,0.1,0.9
reference,raw,40,0,Dstar,dstar_mid,3000,0.3513333333,-0.5486666667,19.73824352,,,,0.1,0.9
reference,raw,40,0,Dstar,dstar_hi,3000,0.073,-0.827,19.73824352,,,,0.1,0.9
reference,split,40,0,D,all,9000,0.9006666667,0.0006666666667,0.7096304332,0.007577777778,0.05287615395,1.017111864,0.1,0.9
reference,split,40,0,D,dstar_lo,3000,0.8946666667,-0.005333333333,0.7096304332,,,,0.1,0.9
reference,split,40,0,D,dstar_mid,3000,0.899,-0.001,0.7096304332,,,,0.1,0.9
reference,split,40,0,D,dstar_hi,3000,0.9083333333,0.008333333333,0.7096304332,,,,0.1,0.9
reference,split,40,0,f,all,9000,0.9047777778,0.004777777778,0.2185232515,0.026,0.01654402122,0.293120329,0.1,0.9
reference,split,40,0,f,dstar_lo,3000,0.8863333333,-0.01366666667,0.2185232515,,,,0.1,0.9
reference,split,40,0,f,dstar_mid,3000,0.906,0.006,0.2185232515,,,,0.1,0.9
reference,split,40,0,f,dstar_hi,3000,0.922,0.022,0.2185232515,,,,0.1,0.9
reference,split,40,0,Dstar,all,9000,0.8994444444,-0.0005555555556,223.7244297,0.03286666667,13.15088683,275.111343,0.1,0.9
reference,split,40,0,Dstar,dstar_lo,3000,0.95,0.05,223.7244297,,,,0.1,0.9
reference,split,40,0,Dstar,dstar_mid,3000,0.8636666667,-0.03633333333,223.7244297,,,,0.1,0.9
reference,split,40,0,Dstar,dstar_hi,3000,0.8846666667,-0.01533333333,223.7244297,,,,0.1,0.9
reference,CQR,40,0,D,all,9000,0.9006666667,0.0006666666667,0.7096304332,0.007577777778,0.05287615395,1.017111864,0.1,0.9
reference,CQR,40,0,D,dstar_lo,3000,0.8946666667,-0.005333333333,0.7096304332,,,,0.1,0.9
reference,CQR,40,0,D,dstar_mid,3000,0.899,-0.001,0.7096304332,,,,0.1,0.9
reference,CQR,40,0,D,dstar_hi,3000,0.9083333333,0.008333333333,0.7096304332,,,,0.1,0.9
reference,CQR,40,0,f,all,9000,0.9047777778,0.004777777778,0.2185232515,0.026,0.01654402122,0.293120329,0.1,0.9
reference,CQR,40,0,f,dstar_lo,3000,0.8863333333,-0.01366666667,0.2185232515,,,,0.1,0.9
reference,CQR,40,0,f,dstar_mid,3000,0.906,0.006,0.2185232515,,,,0.1,0.9
reference,CQR,40,0,f,dstar_hi,3000,0.922,0.022,0.2185232515,,,,0.1,0.9
reference,CQR,40,0,Dstar,all,9000,0.8994444444,-0.0005555555556,223.7244297,0.03286666667,13.15088683,275.111343,0.1,0.9
reference,CQR,40,0,Dstar,dstar_lo,3000,0.95,0.05,223.7244297,,,,0.1,0.9
reference,CQR,40,0,Dstar,dstar_mid,3000,0.8636666667,-0.03633333333,223.7244297,,,,0.1,0.9
reference,CQR,40,0,Dstar,dstar_hi,3000,0.8846666667,-0.01533333333,223.7244297,,,,0.1,0.9
reference,Mondrian,40,0,D,all,9000,0.9025555556,0.002555555556,0.7111869613,0.007577777778,0.0528758733,1.017460834,0.1,0.9
reference,Mondrian,40,0,D,dstar_lo,3000,0.9046666667,0.004666666667,0.7318445828,,,,0.1,0.9
reference,Mondrian,40,0,D,dstar_mid,3000,0.8933333333,-0.006666666667,0.6893821321,,,,0.1,0.9
reference,Mondrian,40,0,D,dstar_hi,3000,0.9096666667,0.009666666667,0.712334169,,,,0.1,0.9
reference,Mondrian,40,0,f,all,9000,0.904,0.004,0.220474488,0.02504444444,0.01653632508,0.2927769298,0.1,0.9
reference,Mondrian,40,0,f,dstar_lo,3000,0.9146666667,0.01466666667,0.2427550776,,,,0.1,0.9
reference,Mondrian,40,0,f,dstar_mid,3000,0.8943333333,-0.005666666667,0.2104377494,,,,0.1,0.9
reference,Mondrian,40,0,f,dstar_hi,3000,0.903,0.003,0.2082306369,,,,0.1,0.9
reference,Mondrian,40,0,Dstar,all,9000,0.9022222222,0.002222222222,192.5069366,0.04235555556,12.3846917,256.6892419,0.1,0.9
reference,Mondrian,40,0,Dstar,dstar_lo,3000,0.9086666667,0.008666666667,80.77547447,,,,0.1,0.9
reference,Mondrian,40,0,Dstar,dstar_mid,3000,0.899,-0.001,267.2342238,,,,0.1,0.9
reference,Mondrian,40,0,Dstar,dstar_hi,3000,0.899,-0.001,229.5111114,,,,0.1,0.9
reference,raw,40,1,D,all,9000,0.6753333333,-0.2246666667,0.3618677979,0.08075555556,0.05725966726,1.351113005,0.1,0.9
reference,raw,40,1,D,dstar_lo,3000,0.6716666667,-0.2283333333,0.3618677979,,,,0.1,0.9
reference,raw,40,1,D,dstar_mid,3000,0.6816666667,-0.2183333333,0.3618677979,,,,0.1,0.9
reference,raw,40,1,D,dstar_hi,3000,0.6726666667,-0.2273333333,0.3618677979,,,,0.1,0.9
reference,raw,40,1,f,all,9000,0.4467777778,-0.4532222222,0.07237355959,0.1599555556,0.02023583156,0.5659931574,0.1,0.9
reference,raw,40,1,f,dstar_lo,3000,0.4386666667,-0.4613333333,0.07237355959,,,,0.1,0.9
reference,raw,40,1,f,dstar_mid,3000,0.461,-0.439,0.07237355959,,,,0.1,0.9
reference,raw,40,1,f,dstar_hi,3000,0.4406666667,-0.4593333333,0.07237355959,,,,0.1,0.9
reference,raw,40,1,Dstar,all,9000,0.3534444444,-0.5465555556,19.73824352,0.1826222222,16.7346081,598.9346117,0.1,0.9
reference,raw,40,1,Dstar,dstar_lo,3000,0.6413333333,-0.2586666667,19.73824352,,,,0.1,0.9
reference,raw,40,1,Dstar,dstar_mid,3000,0.357,-0.543,19.73824352,,,,0.1,0.9
reference,raw,40,1,Dstar,dstar_hi,3000,0.062,-0.838,19.73824352,,,,0.1,0.9
reference,split,40,1,D,all,9000,0.896,-0.004,0.6946861684,0.008044444444,0.05343971284,1.039815083,0.1,0.9
reference,split,40,1,D,dstar_lo,3000,0.888,-0.012,0.6946861684,,,,0.1,0.9
reference,split,40,1,D,dstar_mid,3000,0.907,0.007,0.6946861684,,,,0.1,0.9
reference,split,40,1,D,dstar_hi,3000,0.893,-0.007,0.6946861684,,,,0.1,0.9
reference,split,40,1,f,all,9000,0.892,-0.008,0.2160720769,0.02488888889,0.01681567868,0.3027745469,0.1,0.9
reference,split,40,1,f,dstar_lo,3000,0.8693333333,-0.03066666667,0.2160720769,,,,0.1,0.9
reference,split,40,1,f,dstar_mid,3000,0.9073333333,0.007333333333,0.2160720769,,,,0.1,0.9
reference,split,40,1,f,dstar_hi,3000,0.8993333333,-0.0006666666667,0.2160720769,,,,0.1,0.9
reference,split,40,1,Dstar,all,9000,0.8982222222,-0.001777777778,215.3928019,0.03273333333,13.09763592,272.0898533,0.1,0.9
reference,split,40,1,Dstar,dstar_lo,3000,0.9446666667,0.04466666667,215.3928019,,,,0.1,0.9
reference,split,40,1,Dstar,dstar_mid,3000,0.8716666667,-0.02833333333,215.3928019,,,,0.1,0.9
reference,split,40,1,Dstar,dstar_hi,3000,0.8783333333,-0.02166666667,215.3928019,,,,0.1,0.9
reference,CQR,40,1,D,all,9000,0.896,-0.004,0.6946861684,0.008044444444,0.05343971284,1.039815083,0.1,0.9
reference,CQR,40,1,D,dstar_lo,3000,0.888,-0.012,0.6946861684,,,,0.1,0.9
reference,CQR,40,1,D,dstar_mid,3000,0.907,0.007,0.6946861684,,,,0.1,0.9
reference,CQR,40,1,D,dstar_hi,3000,0.893,-0.007,0.6946861684,,,,0.1,0.9
reference,CQR,40,1,f,all,9000,0.892,-0.008,0.2160720769,0.02488888889,0.01681567868,0.3027745469,0.1,0.9
reference,CQR,40,1,f,dstar_lo,3000,0.8693333333,-0.03066666667,0.2160720769,,,,0.1,0.9
reference,CQR,40,1,f,dstar_mid,3000,0.9073333333,0.007333333333,0.2160720769,,,,0.1,0.9
reference,CQR,40,1,f,dstar_hi,3000,0.8993333333,-0.0006666666667,0.2160720769,,,,0.1,0.9
reference,CQR,40,1,Dstar,all,9000,0.8982222222,-0.001777777778,215.3928019,0.03273333333,13.09763592,272.0898533,0.1,0.9
reference,CQR,40,1,Dstar,dstar_lo,3000,0.9446666667,0.04466666667,215.3928019,,,,0.1,0.9
reference,CQR,40,1,Dstar,dstar_mid,3000,0.8716666667,-0.02833333333,215.3928019,,,,0.1,0.9
reference,CQR,40,1,Dstar,dstar_hi,3000,0.8783333333,-0.02166666667,215.3928019,,,,0.1,0.9
reference,Mondrian,40,1,D,all,9000,0.8966666667,-0.003333333333,0.696970918,0.007844444444,0.05343939632,1.039386967,0.1,0.9
reference,Mondrian,40,1,D,dstar_lo,3000,0.8883333333,-0.01166666667,0.696847238,,,,0.1,0.9
reference,Mondrian,40,1,D,dstar_mid,3000,0.8996666667,-0.0003333333333,0.6751166195,,,,0.1,0.9
reference,Mondrian,40,1,D,dstar_hi,3000,0.902,0.002,0.7189488963,,,,0.1,0.9
reference,Mondrian,40,1,f,all,9000,0.8905555556,-0.009444444444,0.2150696058,0.02484444444,0.01681196968,0.3022841974,0.1,0.9
reference,Mondrian,40,1,f,dstar_lo,3000,0.8806666667,-0.01933333333,0.2222097548,,,,0.1,0.9
reference,Mondrian,40,1,f,dstar_mid,3000,0.9006666667,0.0006666666667,0.2113894787,,,,0.1,0.9
reference,Mondrian,40,1,f,dstar_hi,3000,0.8903333333,-0.009666666667,0.2116095841,,,,0.1,0.9
reference,Mondrian,40,1,Dstar,all,9000,0.8982222222,-0.001777777778,182.6678287,0.04124444444,12.32960332,256.272763,0.1,0.9
reference,Mondrian,40,1,Dstar,dstar_lo,3000,0.8893333333,-0.01066666667,58.09725932,,,,0.1,0.9
reference,Mondrian,40,1,Dstar,dstar_mid,3000,0.898,-0.002,259.0442929,,,,0.1,0.9
reference,Mondrian,40,1,Dstar,dstar_hi,3000,0.9073333333,0.007333333333,230.861934,,,,0.1,0.9
reference,raw,40,2,D,all,9000,0.667,-0.233,0.3618677979,0.08262222222,0.05821713342,1.382252237,0.1,0.9
reference,raw,40,2,D,dstar_lo,3000,0.669,-0.231,0.3618677979,,,,0.1,0.9
reference,raw,40,2,D,dstar_mid,3000,0.6666666667,-0.2333333333,0.3618677979,,,,0.1,0.9
reference,raw,40,2,D,dstar_hi,3000,0.6653333333,-0.2346666667,0.3618677979,,,,0.1,0.9
reference,raw,40,2,f,all,9000,0.4308888889,-0.4691111111,0.07237355959,0.1652444444,0.02042649122,0.5718885615,0.1,0.9
reference,raw,40,2,f,dstar_lo,3000,0.4143333333,-0.4856666667,0.07237355959,,,,0.1,0.9
reference,raw,40,2,f,dstar_mid,3000,0.4396666667,-0.4603333333,0.07237355959,,,,0.1,0.9
reference,raw,40,2,f,dstar_hi,3000,0.4386666667,-0.4613333333,0.07237355959,,,,0.1,0.9
reference,raw,40,2,Dstar,all,9000,0.3487777778,-0.5512222222,19.73824352,0.1836444444,16.8621831,603.9215838,0.1,0.9
reference,raw,40,2,Dstar,dstar_lo,3000,0.6523333333,-0.2476666667,19.73824352,,,,0.1,0.9
reference,raw,40,2,Dstar,dstar_mid,3000,0.3326666667,-0.5673333333,19.73824352,,,,0.1,0.9
reference,raw,40,2,Dstar,dstar_hi,3000,0.06133333333,-0.8386666667,19.73824352,,,,0.1,0.9
reference,split,40,2,D,all,9000,0.8974444444,-0.002555555556,0.7185756719,0.01157777778,0.05416746398,1.051614977,0.1,0.9
reference,split,40,2,D,dstar_lo,3000,0.8936666667,-0.006333333333,0.7185756719,,,,0.1,0.9
reference,split,40,2,D,dstar_mid,3000,0.8996666667,-0.0003333333333,0.7185756719,,,,0.1,0.9
reference,split,40,2,D,dstar_hi,3000,0.899,-0.001,0.7185756719,,,,0.1,0.9
reference,split,40,2,f,all,9000,0.8994444444,-0.0005555555556,0.2197468296,0.02968888889,0.01690776483,0.3036700652,0.1,0.9
reference,split,40,2,f,dstar_lo,3000,0.8803333333,-0.01966666667,0.2197468296,,,,0.1,0.9
reference,split,40,2,f,dstar_mid,3000,0.905,0.005,0.2197468296,,,,0.1,0.9
reference,split,40,2,f,dstar_hi,3000,0.913,0.013,0.2197468296,,,,0.1,0.9
reference,split,40,2,Dstar,all,9000,0.9004444444,0.0004444444444,221.6988768,0.03093333333,13.18209869,274.0400186,0.1,0.9
reference,split,40,2,Dstar,dstar_lo,3000,0.9566666667,0.05666666667,221.6988768,,,,0.1,0.9
reference,split,40,2,Dstar,dstar_mid,3000,0.8593333333,-0.04066666667,221.6988768,,,,0.1,0.9
reference,split,40,2,Dstar,dstar_hi,3000,0.8853333333,-0.01466666667,221.6988768,,,,0.1,0.9
reference,CQR,40,2,D,all,9000,0.8974444444,-0.002555555556,0.7185756719,0.01157777778,0.05416746398,1.051614977,0.1,0.9
reference,CQR,40,2,D,dstar_lo,3000,0.8936666667,-0.006333333333,0.7185756719,,,,0.1,0.9
reference,CQR,40,2,D,dstar_mid,3000,0.8996666667,-0.0003333333333,0.7185756719,,,,0.1,0.9
reference,CQR,40,2,D,dstar_hi,3000,0.899,-0.001,0.7185756719,,,,0.1,0.9
reference,CQR,40,2,f,all,9000,0.8994444444,-0.0005555555556,0.2197468296,0.02968888889,0.01690776483,0.3036700652,0.1,0.9
reference,CQR,40,2,f,dstar_lo,3000,0.8803333333,-0.01966666667,0.2197468296,,,,0.1,0.9
reference,CQR,40,2,f,dstar_mid,3000,0.905,0.005,0.2197468296,,,,0.1,0.9
reference,CQR,40,2,f,dstar_hi,3000,0.913,0.013,0.2197468296,,,,0.1,0.9
reference,CQR,40,2,Dstar,all,9000,0.9004444444,0.0004444444444,221.6988768,0.03093333333,13.18209869,274.0400186,0.1,0.9
reference,CQR,40,2,Dstar,dstar_lo,3000,0.9566666667,0.05666666667,221.6988768,,,,0.1,0.9
reference,CQR,40,2,Dstar,dstar_mid,3000,0.8593333333,-0.04066666667,221.6988768,,,,0.1,0.9
reference,CQR,40,2,Dstar,dstar_hi,3000,0.8853333333,-0.01466666667,221.6988768,,,,0.1,0.9
reference,Mondrian,40,2,D,all,9000,0.8973333333,-0.002666666667,0.7154722054,0.01124444444,0.05418968576,1.052720067,0.1,0.9
reference,Mondrian,40,2,D,dstar_lo,3000,0.8906666667,-0.009333333333,0.7054431661,,,,0.1,0.9
reference,Mondrian,40,2,D,dstar_mid,3000,0.891,-0.009,0.6947566934,,,,0.1,0.9
reference,Mondrian,40,2,D,dstar_hi,3000,0.9103333333,0.01033333333,0.7462167568,,,,0.1,0.9
reference,Mondrian,40,2,f,all,9000,0.8997777778,-0.0002222222222,0.2211180391,0.02955555556,0.0169083515,0.303635418,0.1,0.9
reference,Mondrian,40,2,f,dstar_lo,3000,0.895,-0.005,0.2317395541,,,,0.1,0.9
reference,Mondrian,40,2,f,dstar_mid,3000,0.885,-0.015,0.2059823014,,,,0.1,0.9
reference,Mondrian,40,2,f,dstar_hi,3000,0.9193333333,0.01933333333,0.2256322619,,,,0.1,0.9
reference,Mondrian,40,2,Dstar,all,9000,0.8973333333,-0.002666666667,184.9209704,0.04128888889,12.3355051,250.7922324,0.1,0.9
reference,Mondrian,40,2,Dstar,dstar_lo,3000,0.9066666667,0.006666666667,65.7416011,,,,0.1,0.9
reference,Mondrian,40,2,Dstar,dstar_mid,3000,0.891,-0.009,263.1189702,,,,0.1,0.9
reference,Mondrian,40,2,Dstar,dstar_hi,3000,0.8943333333,-0.005666666667,225.90234,,,,0.1,0.9
reference,raw,80,0,D,all,9000,0.8958888889,-0.004111111111,0.3618677979,0.03235555556,0.0273214311,0.519644056,0.1,0.9
reference,raw,80,0,D,dstar_lo,3000,0.875,-0.025,0.3618677979,,,,0.1,0.9
reference,raw,80,0,D,dstar_mid,3000,0.907,0.007,0.3618677979,,,,0.1,0.9
reference,raw,80,0,D,dstar_hi,3000,0.9056666667,0.005666666667,0.3618677979,,,,0.1,0.9
reference,raw,80,0,f,all,9000,0.7093333333,-0.1906666667,0.07237355959,0.08313333333,0.009647332881,0.2047041408,0.1,0.9
reference,raw,80,0,f,dstar_lo,3000,0.6433333333,-0.2566666667,0.07237355959,,,,0.1,0.9
reference,raw,80,0,f,dstar_mid,3000,0.7386666667,-0.1613333333,0.07237355959,,,,0.1,0.9
reference,raw,80,0,f,dstar_hi,3000,0.746,-0.154,0.07237355959,,,,0.1,0.9
reference,raw,80,0,Dstar,all,9000,0.504,-0.396,19.73824352,0.1266444444,12.41979157,437.9224937,0.1,0.9
reference,raw,80,0,Dstar,dstar_lo,3000,0.8313333333,-0.06866666667,19.73824352,,,,0.1,0.9
reference,raw,80,0,Dstar,dstar_mid,3000,0.559,-0.341,19.73824352,,,,0.1,0.9
reference,raw,80,0,Dstar,dstar_hi,3000,0.1216666667,-0.7783333333,19.73824352,,,,0.1,0.9
reference,split,80,0,D,all,9000,0.8996666667,-0.0003333333333,0.3667699378,0.03155555556,0.02721764838,0.5195457306,0.1,0.9
reference,split,80,0,D,dstar_lo,3000,0.8796666667,-0.02033333333,0.3667699378,,,,0.1,0.9
reference,split,80,0,D,dstar_mid,3000,0.9096666667,0.009666666667,0.3667699378,,,,0.1,0.9
reference,split,80,0,D,dstar_hi,3000,0.9096666667,0.009666666667,0.3667699378,,,,0.1,0.9
reference,split,80,0,f,all,9000,0.8998888889,-0.0001111111111,0.1214657499,0.05071111111,0.00915434755,0.1666019476,0.1,0.9
reference,split,80,0,f,dstar_lo,3000,0.8543333333,-0.04566666667,0.1214657499,,,,0.1,0.9
reference,split,80,0,f,dstar_mid,3000,0.9236666667,0.02366666667,0.1214657499,,,,0.1,0.9
reference,split,80,0,f,dstar_hi,3000,0.9216666667,0.02166666667,0.1214657499,,,,0.1,0.9
reference,split,80,0,Dstar,all,9000,0.8988888889,-0.001111111111,186.5002528,0.03613333333,10.36926154,242.7462575,0.1,0.9
reference,split,80,0,Dstar,dstar_lo,3000,0.976,0.076,186.5002528,,,,0.1,0.9
reference,split,80,0,Dstar,dstar_mid,3000,0.909,0.009,186.5002528,,,,0.1,0.9
reference,split,80,0,Dstar,dstar_hi,3000,0.8116666667,-0.08833333333,186.5002528,,,,0.1,0.9
reference,CQR,80,0,D,all,9000,0.8996666667,-0.0003333333333,0.3667699378,0.03155555556,0.02721764838,0.5195457306,0.1,0.9
reference,CQR,80,0,D,dstar_lo,3000,0.8796666667,-0.02033333333,0.3667699378,,,,0.1,0.9
reference,CQR,80,0,D,dstar_mid,3000,0.9096666667,0.009666666667,0.3667699378,,,,0.1,0.9
reference,CQR,80,0,D,dstar_hi,3000,0.9096666667,0.009666666667,0.3667699378,,,,0.1,0.9
reference,CQR,80,0,f,all,9000,0.8998888889,-0.0001111111111,0.1214657499,0.05071111111,0.00915434755,0.1666019476,0.1,0.9
reference,CQR,80,0,f,dstar_lo,3000,0.8543333333,-0.04566666667,0.1214657499,,,,0.1,0.9
reference,CQR,80,0,f,dstar_mid,3000,0.9236666667,0.02366666667,0.1214657499,,,,0.1,0.9
reference,CQR,80,0,f,dstar_hi,3000,0.9216666667,0.02166666667,0.1214657499,,,,0.1,0.9
reference,CQR,80,0,Dstar,all,9000,0.8988888889,-0.001111111111,186.5002528,0.03613333333,10.36926154,242.7462575,0.1,0.9
reference,CQR,80,0,Dstar,dstar_lo,3000,0.976,0.076,186.5002528,,,,0.1,0.9
reference,CQR,80,0,Dstar,dstar_mid,3000,0.909,0.009,186.5002528,,,,0.1,0.9
reference,CQR,80,0,Dstar,dstar_hi,3000,0.8116666667,-0.08833333333,186.5002528,,,,0.1,0.9
reference,Mondrian,80,0,D,all,9000,0.8978888889,-0.002111111111,0.3651820288,0.03075555556,0.0272018671,0.5188902183,0.1,0.9
reference,Mondrian,80,0,D,dstar_lo,3000,0.8883333333,-0.01166666667,0.378673118,,,,0.1,0.9
reference,Mondrian,80,0,D,dstar_mid,3000,0.9113333333,0.01133333333,0.3694940901,,,,0.1,0.9
reference,Mondrian,80,0,D,dstar_hi,3000,0.894,-0.006,0.3473788782,,,,0.1,0.9
reference,Mondrian,80,0,f,all,9000,0.9001111111,0.0001111111111,0.1209852301,0.047,0.00912422352,0.1644393248,0.1,0.9
reference,Mondrian,80,0,f,dstar_lo,3000,0.891,-0.009,0.1380488425,,,,0.1,0.9
reference,Mondrian,80,0,f,dstar_mid,3000,0.9033333333,0.003333333333,0.1116522318,,,,0.1,0.9
reference,Mondrian,80,0,f,dstar_hi,3000,0.906,0.006,0.1132546159,,,,0.1,0.9
reference,Mondrian,80,0,Dstar,all,9000,0.8965555556,-0.003444444444,134.6318972,0.0524,9.526577016,204.3166198,0.1,0.9
reference,Mondrian,80,0,Dstar,dstar_lo,3000,0.889,-0.011,25.92062421,,,,0.1,0.9
reference,Mondrian,80,0,Dstar,dstar_mid,3000,0.899,-0.001,153.3196664,,,,0.1,0.9
reference,Mondrian,80,0,Dstar,dstar_hi,3000,0.9016666667,0.001666666667,224.6554011,,,,0.1,0.9
reference,raw,80,1,D,all,9000,0.8962222222,-0.003777777778,0.3618677979,0.02986666667,0.02737801404,0.5168669012,0.1,0.9
reference,raw,80,1,D,dstar_lo,3000,0.8813333333,-0.01866666667,0.3618677979,,,,0.1,0.9
reference,raw,80,1,D,dstar_mid,3000,0.904,0.004,0.3618677979,,,,0.1,0.9
reference,raw,80,1,D,dstar_hi,3000,0.9033333333,0.003333333333,0.3618677979,,,,0.1,0.9
reference,raw,80,1,f,all,9000,0.7042222222,-0.1957777778,0.07237355959,0.08468888889,0.009665676822,0.2044782777,0.1,0.9
reference,raw,80,1,f,dstar_lo,3000,0.6333333333,-0.2666666667,0.07237355959,,,,0.1,0.9
reference,raw,80,1,f,dstar_mid,3000,0.7433333333,-0.1566666667,0.07237355959,,,,0.1,0.9
reference,raw,80,1,f,dstar_hi,3000,0.736,-0.164,0.07237355959,,,,0.1,0.9
reference,raw,80,1,Dstar,all,9000,0.5124444444,-0.3875555556,19.73824352,0.1228888889,12.26604772,432.2021798,0.1,0.9
reference,raw,80,1,Dstar,dstar_lo,3000,0.8426666667,-0.05733333333,19.73824352,,,,0.1,0.9
reference,raw,80,1,Dstar,dstar_mid,3000,0.574,-0.326,19.73824352,,,,0.1,0.9
reference,raw,80,1,Dstar,dstar_hi,3000,0.1206666667,-0.7793333333,19.73824352,,,,0.1,0.9
reference,split,80,1,D,all,9000,0.898,-0.002,0.3638378925,0.02835555556,0.02727455164,0.5168106313,0.1,0.9
reference,split,80,1,D,dstar_lo,3000,0.882,-0.018,0.3638378925,,,,0.1,0.9
reference,split,80,1,D,dstar_mid,3000,0.9066666667,0.006666666667,0.3638378925,,,,0.1,0.9
reference,split,80,1,D,dstar_hi,3000,0.9053333333,0.005333333333,0.3638378925,,,,0.1,0.9
reference,split,80,1,f,all,9000,0.9057777778,0.005777777778,0.1236919695,0.04773333333,0.009140375663,0.1637944372,0.1,0.9
reference,split,80,1,f,dstar_lo,3000,0.8576666667,-0.04233333333,0.1236919695,,,,0.1,0.9
reference,split,80,1,f,dstar_mid,3000,0.9343333333,0.03433333333,0.1236919695,,,,0.1,0.9
reference,split,80,1,f,dstar_hi,3000,0.9253333333,0.02533333333,0.1236919695,,,,0.1,0.9
reference,split,80,1,Dstar,all,9000,0.9036666667,0.003666666667,191.804653,0.03155555556,10.25513047,240.3965731,0.1,0.9
reference,split,80,1,Dstar,dstar_lo,3000,0.9796666667,0.07966666667,191.804653,,,,0.1,0.9
reference,split,80,1,Dstar,dstar_mid,3000,0.9146666667,0.01466666667,191.804653,,,,0.1,0.9
reference,split,80,1,Dstar,dstar_hi,3000,0.8166666667,-0.08333333333,191.804653,,,,0.1,0.9
reference,CQR,80,1,D,all,9000,0.898,-0.002,0.3638378925,0.02835555556,0.02727455164,0.5168106313,0.1,0.9
reference,CQR,80,1,D,dstar_lo,3000,0.882,-0.018,0.3638378925,,,,0.1,0.9
reference,CQR,80,1,D,dstar_mid,3000,0.9066666667,0.006666666667,0.3638378925,,,,0.1,0.9
reference,CQR,80,1,D,dstar_hi,3000,0.9053333333,0.005333333333,0.3638378925,,,,0.1,0.9
reference,CQR,80,1,f,all,9000,0.9057777778,0.005777777778,0.1236919695,0.04773333333,0.009140375663,0.1637944372,0.1,0.9
reference,CQR,80,1,f,dstar_lo,3000,0.8576666667,-0.04233333333,0.1236919695,,,,0.1,0.9
reference,CQR,80,1,f,dstar_mid,3000,0.9343333333,0.03433333333,0.1236919695,,,,0.1,0.9
reference,CQR,80,1,f,dstar_hi,3000,0.9253333333,0.02533333333,0.1236919695,,,,0.1,0.9
reference,CQR,80,1,Dstar,all,9000,0.9036666667,0.003666666667,191.804653,0.03155555556,10.25513047,240.3965731,0.1,0.9
reference,CQR,80,1,Dstar,dstar_lo,3000,0.9796666667,0.07966666667,191.804653,,,,0.1,0.9
reference,CQR,80,1,Dstar,dstar_mid,3000,0.9146666667,0.01466666667,191.804653,,,,0.1,0.9
reference,CQR,80,1,Dstar,dstar_hi,3000,0.8166666667,-0.08333333333,191.804653,,,,0.1,0.9
reference,Mondrian,80,1,D,all,9000,0.9001111111,0.0001111111111,0.3678481356,0.02802222222,0.02725743685,0.5156306319,0.1,0.9
reference,Mondrian,80,1,D,dstar_lo,3000,0.9013333333,0.001333333333,0.3946354302,,,,0.1,0.9
reference,Mondrian,80,1,D,dstar_mid,3000,0.8953333333,-0.004666666667,0.3467167129,,,,0.1,0.9
reference,Mondrian,80,1,D,dstar_hi,3000,0.9036666667,0.003666666667,0.3621922638,,,,0.1,0.9
reference,Mondrian,80,1,f,all,9000,0.9018888889,0.001888888889,0.1222023474,0.04426666667,0.009103443823,0.1615852843,0.1,0.9
reference,Mondrian,80,1,f,dstar_lo,3000,0.9033333333,0.003333333333,0.142073899,,,,0.1,0.9
reference,Mondrian,80,1,f,dstar_mid,3000,0.8873333333,-0.01266666667,0.1069889014,,,,0.1,0.9
reference,Mondrian,80,1,f,dstar_hi,3000,0.915,0.015,0.1175442419,,,,0.1,0.9
reference,Mondrian,80,1,Dstar,all,9000,0.9047777778,0.004777777778,148.8788233,0.04791111111,9.363250416,200.0081499,0.1,0.9
reference,Mondrian,80,1,Dstar,dstar_lo,3000,0.8916666667,-0.008333333333,25.73751856,,,,0.1,0.9
reference,Mondrian,80,1,Dstar,dstar_mid,3000,0.9156666667,0.01566666667,194.9172188,,,,0.1,0.9
reference,Mondrian,80,1,Dstar,dstar_hi,3000,0.907,0.007,225.9817326,,,,0.1,0.9
reference,raw,80,2,D,all,9000,0.8962222222,-0.003777777778,0.3618677979,0.02704444444,0.02712862839,0.5122136798,0.1,0.9
reference,raw,80,2,D,dstar_lo,3000,0.8816666667,-0.01833333333,0.3618677979,,,,0.1,0.9
reference,raw,80,2,D,dstar_mid,3000,0.905,0.005,0.3618677979,,,,0.1,0.9
reference,raw,80,2,D,dstar_hi,3000,0.902,0.002,0.3618677979,,,,0.1,0.9
reference,raw,80,2,f,all,9000,0.7107777778,-0.1892222222,0.07237355959,0.07822222222,0.009568388157,0.2030167456,0.1,0.9
reference,raw,80,2,f,dstar_lo,3000,0.6396666667,-0.2603333333,0.07237355959,,,,0.1,0.9
reference,raw,80,2,f,dstar_mid,3000,0.7473333333,-0.1526666667,0.07237355959,,,,0.1,0.9
reference,raw,80,2,f,dstar_hi,3000,0.7453333333,-0.1546666667,0.07237355959,,,,0.1,0.9
reference,raw,80,2,Dstar,all,9000,0.5024444444,-0.3975555556,19.73824352,0.1263777778,12.11643811,425.940085,0.1,0.9
reference,raw,80,2,Dstar,dstar_lo,3000,0.8363333333,-0.06366666667,19.73824352,,,,0.1,0.9
reference,raw,80,2,Dstar,dstar_mid,3000,0.555,-0.345,19.73824352,,,,0.1,0.9
reference,raw,80,2,Dstar,dstar_hi,3000,0.116,-0.784,19.73824352,,,,0.1,0.9
reference,split,80,2,D,all,9000,0.9042222222,0.004222222222,0.3743659609,0.02164444444,0.02702060211,0.5122738428,0.1,0.9
reference,split,80,2,D,dstar_lo,3000,0.892,-0.008,0.3743659609,,,,0.1,0.9
reference,split,80,2,D,dstar_mid,3000,0.9136666667,0.01366666667,0.3743659609,,,,0.1,0.9
reference,split,80,2,D,dstar_hi,3000,0.907,0.007,0.3743659609,,,,0.1,0.9
reference,split,80,2,f,all,9000,0.8961111111,-0.003888888889,0.1198868297,0.04182222222,0.00908331798,0.1649882234,0.1,0.9
reference,split,80,2,f,dstar_lo,3000,0.858,-0.042,0.1198868297,,,,0.1,0.9
reference,split,80,2,f,dstar_mid,3000,0.919,0.019,0.1198868297,,,,0.1,0.9
reference,split,80,2,f,dstar_hi,3000,0.9113333333,0.01133333333,0.1198868297,,,,0.1,0.9
reference,split,80,2,Dstar,all,9000,0.9062222222,0.006222222222,190.5399133,0.03357777778,10.17172241,241.0926206,0.1,0.9
reference,split,80,2,Dstar,dstar_lo,3000,0.9833333333,0.08333333333,190.5399133,,,,0.1,0.9
reference,split,80,2,Dstar,dstar_mid,3000,0.9116666667,0.01166666667,190.5399133,,,,0.1,0.9
reference,split,80,2,Dstar,dstar_hi,3000,0.8236666667,-0.07633333333,190.5399133,,,,0.1,0.9
reference,CQR,80,2,D,all,9000,0.9042222222,0.004222222222,0.3743659609,0.02164444444,0.02702060211,0.5122738428,0.1,0.9
reference,CQR,80,2,D,dstar_lo,3000,0.892,-0.008,0.3743659609,,,,0.1,0.9
reference,CQR,80,2,D,dstar_mid,3000,0.9136666667,0.01366666667,0.3743659609,,,,0.1,0.9
reference,CQR,80,2,D,dstar_hi,3000,0.907,0.007,0.3743659609,,,,0.1,0.9
reference,CQR,80,2,f,all,9000,0.8961111111,-0.003888888889,0.1198868297,0.04182222222,0.00908331798,0.1649882234,0.1,0.9
reference,CQR,80,2,f,dstar_lo,3000,0.858,-0.042,0.1198868297,,,,0.1,0.9
reference,CQR,80,2,f,dstar_mid,3000,0.919,0.019,0.1198868297,,,,0.1,0.9
reference,CQR,80,2,f,dstar_hi,3000,0.9113333333,0.01133333333,0.1198868297,,,,0.1,0.9
reference,CQR,80,2,Dstar,all,9000,0.9062222222,0.006222222222,190.5399133,0.03357777778,10.17172241,241.0926206,0.1,0.9
reference,CQR,80,2,Dstar,dstar_lo,3000,0.9833333333,0.08333333333,190.5399133,,,,0.1,0.9
reference,CQR,80,2,Dstar,dstar_mid,3000,0.9116666667,0.01166666667,190.5399133,,,,0.1,0.9
reference,CQR,80,2,Dstar,dstar_hi,3000,0.8236666667,-0.07633333333,190.5399133,,,,0.1,0.9
reference,Mondrian,80,2,D,all,9000,0.9026666667,0.002666666667,0.3700624416,0.02026666667,0.02701177224,0.5119521394,0.1,0.9
reference,Mondrian,80,2,D,dstar_lo,3000,0.912,0.012,0.4041312207,,,,0.1,0.9
reference,Mondrian,80,2,D,dstar_mid,3000,0.8933333333,-0.006666666667,0.343388463,,,,0.1,0.9
reference,Mondrian,80,2,D,dstar_hi,3000,0.9026666667,0.002666666667,0.3626676411,,,,0.1,0.9
reference,Mondrian,80,2,f,all,9000,0.9015555556,0.001555555556,0.121348527,0.03777777778,0.009057027888,0.1634774859,0.1,0.9
reference,Mondrian,80,2,f,dstar_lo,3000,0.9036666667,0.003666666667,0.1390831494,,,,0.1,0.9
reference,Mondrian,80,2,f,dstar_mid,3000,0.8963333333,-0.003666666667,0.1079960984,,,,0.1,0.9
reference,Mondrian,80,2,f,dstar_hi,3000,0.9046666667,0.004666666667,0.1169663333,,,,0.1,0.9
reference,Mondrian,80,2,Dstar,all,9000,0.8977777778,-0.002222222222,133.2418249,0.05131111111,9.272876088,197.7257667,0.1,0.9
reference,Mondrian,80,2,Dstar,dstar_lo,3000,0.8906666667,-0.009333333333,25.8909825,,,,0.1,0.9
reference,Mondrian,80,2,Dstar,dstar_mid,3000,0.9,0,144.4883932,,,,0.1,0.9
reference,Mondrian,80,2,Dstar,dstar_hi,3000,0.9026666667,0.002666666667,229.346099,,,,0.1,0.9
